-37,13,Cw6y4zbjqNLTIrK7W5X3VhDG2Is=,/lmR7MZO7IerN72w/wHzl2CA05g=
-38,13,Cw6y4zbjqNLTIrK7W5X3VhDG2Is=,/lmR7MZO7IerN72w/wHzl2CA05g=
-35,11,Cw6y4zbjqNLTIrK7W5X3VhDG2Is=,/lmR7MZO7IerN72w/wHzl2CA05g=
-36,11,Cw6y4zbjqNLTIrK7W5X3VhDG2Is=,/lmR7MZO7IerN72w/wHzl2CA05g=
-37,12,Cw6y4zbjqNLTIrK7W5X3VhDG2Is=,/lmR7MZO7IerN72w/wHzl2CA05g=
-38,12,Cw6y4zbjqNLTIrK7W5X3VhDG2Is=,/lmR7MZO7IerN72w/wHzl2CA05g=
-35,10,Cw6y4zbjqNLTIrK7W5X3VhDG2Is=,/lmR7MZO7IerN72w/wHzl2CA05g=
-36,10,Cw6y4zbjqNLTIrK7W5X3VhDG2Is=,/lmR7MZO7IerN72w/wHzl2CA05g=
-37,11,Cw6y4zbjqNLTIrK7W5X3VhDG2Is=,/lmR7MZO7IerN72w/wHzl2CA05g=
-38,11,1fU96RPtChf/nAZxpXRJZ+KFGdI=,/lmR7MZO7IerN72w/wHzl2CA05g=
-37,10,1fU96RPtChf/nAZxpXRJZ+KFGdI=,/lmR7MZO7IerN72w/wHzl2CA05g=
-38,10,1fU96RPtChf/nAZxpXRJZ+KFGdI=,/lmR7MZO7IerN72w/wHzl2CA05g=
-35,13,1fU96RPtChf/nAZxpXRJZ+KFGdI=,/lmR7MZO7IerN72w/wHzl2CA05g=
-36,13,1fU96RPtChf/nAZxpXRJZ+KFGdI=,/lmR7MZO7IerN72w/wHzl2CA05g=
-35,12,1fU96RPtChf/nAZxpXRJZ+KFGdI=,/lmR7MZO7IerN72w/wHzl2CA05g=
-36,12,1fU96RPtChf/nAZxpXRJZ+KFGdI=,/lmR7MZO7IerN72w/wHzl2CA05g=
-39,7,kkQFnLiP40pirdiGjsCzSPR1Uns=,/lmR7MZO7IerN72w/wHzl2CA05g=
-37,9,kkQFnLiP40pirdiGjsCzSPR1Uns=,/lmR7MZO7IerN72w/wHzl2CA05g=
-40,7,iW83t14Rx2Fu36pgYm5rxJTJOBU=,/lmR7MZO7IerN72w/wHzl2CA05g=
-38,9,Jxd2VbdoWYhVU2/8LhohR1AaKGY=,/lmR7MZO7IerN72w/wHzl2CA05g=
-41,9,Jxd2VbdoWYhVU2/8LhohR1AaKGY=,/lmR7MZO7IerN72w/wHzl2CA05g=
-37,7,Jxd2VbdoWYhVU2/8LhohR1AaKGY=,/lmR7MZO7IerN72w/wHzl2CA05g=
-42,9,Jxd2VbdoWYhVU2/8LhohR1AaKGY=,/lmR7MZO7IerN72w/wHzl2CA05g=
-38,7,Jxd2VbdoWYhVU2/8LhohR1AaKGY=,/lmR7MZO7IerN72w/wHzl2CA05g=
-39,9,Jxd2VbdoWYhVU2/8LhohR1AaKGY=,/lmR7MZO7IerN72w/wHzl2CA05g=
-37,6,FI6LC/Y3zwJ/CkiGw0HTSkXcdP8=,/lmR7MZO7IerN72w/wHzl2CA05g=
-40,9,FI6LC/Y3zwJ/CkiGw0HTSkXcdP8=,/lmR7MZO7IerN72w/wHzl2CA05g=
-38,6,o9FyoBxlnJJrTeT+5v5bdUXUFgM=,/lmR7MZO7IerN72w/wHzl2CA05g=
-41,8,o9FyoBxlnJJrTeT+5v5bdUXUFgM=,/lmR7MZO7IerN72w/wHzl2CA05g=
-37,8,4tRjB8cMCT3YIc0W4yGg+D9tvPM=,/lmR7MZO7IerN72w/wHzl2CA05g=
-42,8,4tRjB8cMCT3YIc0W4yGg+D9tvPM=,/lmR7MZO7IerN72w/wHzl2CA05g=
-38,8,4tRjB8cMCT3YIc0W4yGg+D9tvPM=,/lmR7MZO7IerN72w/wHzl2CA05g=
-39,6,4tRjB8cMCT3YIc0W4yGg+D9tvPM=,/lmR7MZO7IerN72w/wHzl2CA05g=
-35,3,4tRjB8cMCT3YIc0W4yGg+D9tvPM=,/lmR7MZO7IerN72w/wHzl2CA05g=
-35,7,4tRjB8cMCT3YIc0W4yGg+D9tvPM=,/lmR7MZO7IerN72w/wHzl2CA05g=
-40,6,4tRjB8cMCT3YIc0W4yGg+D9tvPM=,/lmR7MZO7IerN72w/wHzl2CA05g=
-36,7,3WMIvG+htX+Py6q94WOtKxVHWHI=,/lmR7MZO7IerN72w/wHzl2CA05g=
-41,5,3WMIvG+htX+Py6q94WOtKxVHWHI=,/lmR7MZO7IerN72w/wHzl2CA05g=
-36,3,3WMIvG+htX+Py6q94WOtKxVHWHI=,/lmR7MZO7IerN72w/wHzl2CA05g=
-39,8,3WMIvG+htX+Py6q94WOtKxVHWHI=,/lmR7MZO7IerN72w/wHzl2CA05g=
-42,5,3WMIvG+htX+Py6q94WOtKxVHWHI=,/lmR7MZO7IerN72w/wHzl2CA05g=
-35,6,3WMIvG+htX+Py6q94WOtKxVHWHI=,/lmR7MZO7IerN72w/wHzl2CA05g=
-35,2,3WMIvG+htX+Py6q94WOtKxVHWHI=,/lmR7MZO7IerN72w/wHzl2CA05g=
-40,8,GO5ZijbsLhhu5sYxNJDx/9K5HHk=,/lmR7MZO7IerN72w/wHzl2CA05g=
-41,2,GO5ZijbsLhhu5sYxNJDx/9K5HHk=,/lmR7MZO7IerN72w/wHzl2CA05g=
-36,6,GO5ZijbsLhhu5sYxNJDx/9K5HHk=,/lmR7MZO7IerN72w/wHzl2CA05g=
-36,2,GO5ZijbsLhhu5sYxNJDx/9K5HHk=,/lmR7MZO7IerN72w/wHzl2CA05g=
-42,2,GO5ZijbsLhhu5sYxNJDx/9K5HHk=,/lmR7MZO7IerN72w/wHzl2CA05g=
-37,5,GO5ZijbsLhhu5sYxNJDx/9K5HHk=,/lmR7MZO7IerN72w/wHzl2CA05g=
-41,7,GO5ZijbsLhhu5sYxNJDx/9K5HHk=,/lmR7MZO7IerN72w/wHzl2CA05g=
-35,9,GO5ZijbsLhhu5sYxNJDx/9K5HHk=,/lmR7MZO7IerN72w/wHzl2CA05g=
-39,5,GO5ZijbsLhhu5sYxNJDx/9K5HHk=,/lmR7MZO7IerN72w/wHzl2CA05g=
-38,5,GO5ZijbsLhhu5sYxNJDx/9K5HHk=,/lmR7MZO7IerN72w/wHzl2CA05g=
-36,9,GO5ZijbsLhhu5sYxNJDx/9K5HHk=,/lmR7MZO7IerN72w/wHzl2CA05g=
-42,7,GO5ZijbsLhhu5sYxNJDx/9K5HHk=,/lmR7MZO7IerN72w/wHzl2CA05g=
-37,3,6FaMOHBHXhEG0jAt6mSFnClw12k=,/lmR7MZO7IerN72w/wHzl2CA05g=
-35,8,6FaMOHBHXhEG0jAt6mSFnClw12k=,/lmR7MZO7IerN72w/wHzl2CA05g=
-40,5,6FaMOHBHXhEG0jAt6mSFnClw12k=,/lmR7MZO7IerN72w/wHzl2CA05g=
-41,6,6FaMOHBHXhEG0jAt6mSFnClw12k=,/lmR7MZO7IerN72w/wHzl2CA05g=
-38,3,6FaMOHBHXhEG0jAt6mSFnClw12k=,/lmR7MZO7IerN72w/wHzl2CA05g=
-39,3,6FaMOHBHXhEG0jAt6mSFnClw12k=,/lmR7MZO7IerN72w/wHzl2CA05g=
-36,8,6FaMOHBHXhEG0jAt6mSFnClw12k=,/lmR7MZO7IerN72w/wHzl2CA05g=
-42,6,6FaMOHBHXhEG0jAt6mSFnClw12k=,/lmR7MZO7IerN72w/wHzl2CA05g=
-37,4,6FaMOHBHXhEG0jAt6mSFnClw12k=,/lmR7MZO7IerN72w/wHzl2CA05g=
-40,3,6FaMOHBHXhEG0jAt6mSFnClw12k=,/lmR7MZO7IerN72w/wHzl2CA05g=
-41,4,19BGtFtXz513Br3MghraP8aIvEg=,/lmR7MZO7IerN72w/wHzl2CA05g=
-38,4,19BGtFtXz513Br3MghraP8aIvEg=,/lmR7MZO7IerN72w/wHzl2CA05g=
-39,1,19BGtFtXz513Br3MghraP8aIvEg=,/lmR7MZO7IerN72w/wHzl2CA05g=
-42,4,19BGtFtXz513Br3MghraP8aIvEg=,/lmR7MZO7IerN72w/wHzl2CA05g=
-37,1,19BGtFtXz513Br3MghraP8aIvEg=,/lmR7MZO7IerN72w/wHzl2CA05g=
-37,2,19BGtFtXz513Br3MghraP8aIvEg=,/lmR7MZO7IerN72w/wHzl2CA05g=
-41,3,agKsUA98Q9YJRGlZDDlbHuqh9wc=,/lmR7MZO7IerN72w/wHzl2CA05g=
-38,2,agKsUA98Q9YJRGlZDDlbHuqh9wc=,/lmR7MZO7IerN72w/wHzl2CA05g=
-38,1,agKsUA98Q9YJRGlZDDlbHuqh9wc=,/lmR7MZO7IerN72w/wHzl2CA05g=
-40,1,agKsUA98Q9YJRGlZDDlbHuqh9wc=,/lmR7MZO7IerN72w/wHzl2CA05g=
-42,3,agKsUA98Q9YJRGlZDDlbHuqh9wc=,/lmR7MZO7IerN72w/wHzl2CA05g=
-39,0,agKsUA98Q9YJRGlZDDlbHuqh9wc=,/lmR7MZO7IerN72w/wHzl2CA05g=
-39,4,agKsUA98Q9YJRGlZDDlbHuqh9wc=,/lmR7MZO7IerN72w/wHzl2CA05g=
-35,5,agKsUA98Q9YJRGlZDDlbHuqh9wc=,/lmR7MZO7IerN72w/wHzl2CA05g=
-37,0,agKsUA98Q9YJRGlZDDlbHuqh9wc=,/lmR7MZO7IerN72w/wHzl2CA05g=
-38,0,e6sZp3WUdRqIQr+F0J7ROzyuXS4=,/lmR7MZO7IerN72w/wHzl2CA05g=
-40,4,e6sZp3WUdRqIQr+F0J7ROzyuXS4=,/lmR7MZO7IerN72w/wHzl2CA05g=
-36,5,e6sZp3WUdRqIQr+F0J7ROzyuXS4=,/lmR7MZO7IerN72w/wHzl2CA05g=
-40,0,e6sZp3WUdRqIQr+F0J7ROzyuXS4=,/lmR7MZO7IerN72w/wHzl2CA05g=
-35,4,e6sZp3WUdRqIQr+F0J7ROzyuXS4=,/lmR7MZO7IerN72w/wHzl2CA05g=
-41,0,e6sZp3WUdRqIQr+F0J7ROzyuXS4=,/lmR7MZO7IerN72w/wHzl2CA05g=
-35,1,e6sZp3WUdRqIQr+F0J7ROzyuXS4=,/lmR7MZO7IerN72w/wHzl2CA05g=
-39,2,e6sZp3WUdRqIQr+F0J7ROzyuXS4=,/lmR7MZO7IerN72w/wHzl2CA05g=
-42,0,e6sZp3WUdRqIQr+F0J7ROzyuXS4=,/lmR7MZO7IerN72w/wHzl2CA05g=
-40,2,qFICrbRHasbfsTZfgYkuSjTZ6tI=,/lmR7MZO7IerN72w/wHzl2CA05g=
-36,4,qFICrbRHasbfsTZfgYkuSjTZ6tI=,/lmR7MZO7IerN72w/wHzl2CA05g=
-36,1,qFICrbRHasbfsTZfgYkuSjTZ6tI=,/lmR7MZO7IerN72w/wHzl2CA05g=
-41,1,qFICrbRHasbfsTZfgYkuSjTZ6tI=,/lmR7MZO7IerN72w/wHzl2CA05g=
-42,1,qFICrbRHasbfsTZfgYkuSjTZ6tI=,/lmR7MZO7IerN72w/wHzl2CA05g=
-39,13,qFICrbRHasbfsTZfgYkuSjTZ6tI=,/lmR7MZO7IerN72w/wHzl2CA05g=
-40,13,qFICrbRHasbfsTZfgYkuSjTZ6tI=,/lmR7MZO7IerN72w/wHzl2CA05g=
-35,0,qFICrbRHasbfsTZfgYkuSjTZ6tI=,/lmR7MZO7IerN72w/wHzl2CA05g=
-41,11,SQX2lEGksWJlX2/kgmyQ1E5I9Lg=,/lmR7MZO7IerN72w/wHzl2CA05g=
-36,0,SQX2lEGksWJlX2/kgmyQ1E5I9Lg=,/lmR7MZO7IerN72w/wHzl2CA05g=
-35,15,SQX2lEGksWJlX2/kgmyQ1E5I9Lg=,/lmR7MZO7IerN72w/wHzl2CA05g=
-33,11,SQX2lEGksWJlX2/kgmyQ1E5I9Lg=,/lmR7MZO7IerN72w/wHzl2CA05g=
-42,11,SQX2lEGksWJlX2/kgmyQ1E5I9Lg=,/lmR7MZO7IerN72w/wHzl2CA05g=
-36,15,SQX2lEGksWJlX2/kgmyQ1E5I9Lg=,/lmR7MZO7IerN72w/wHzl2CA05g=
-43,11,SQX2lEGksWJlX2/kgmyQ1E5I9Lg=,/lmR7MZO7IerN72w/wHzl2CA05g=
-34,11,SQX2lEGksWJlX2/kgmyQ1E5I9Lg=,/lmR7MZO7IerN72w/wHzl2CA05g=
-33,7,SQX2lEGksWJlX2/kgmyQ1E5I9Lg=,/lmR7MZO7IerN72w/wHzl2CA05g=
-35,14,SQX2lEGksWJlX2/kgmyQ1E5I9Lg=,/lmR7MZO7IerN72w/wHzl2CA05g=
-44,11,SQX2lEGksWJlX2/kgmyQ1E5I9Lg=,/lmR7MZO7IerN72w/wHzl2CA05g=
-37,15,SQX2lEGksWJlX2/kgmyQ1E5I9Lg=,/lmR7MZO7IerN72w/wHzl2CA05g=
-41,14,SQX2lEGksWJlX2/kgmyQ1E5I9Lg=,/lmR7MZO7IerN72w/wHzl2CA05g=
-33,10,SQX2lEGksWJlX2/kgmyQ1E5I9Lg=,/lmR7MZO7IerN72w/wHzl2CA05g=
-34,7,SQX2lEGksWJlX2/kgmyQ1E5I9Lg=,/lmR7MZO7IerN72w/wHzl2CA05g=
-36,14,SQX2lEGksWJlX2/kgmyQ1E5I9Lg=,/lmR7MZO7IerN72w/wHzl2CA05g=
-42,14,SQX2lEGksWJlX2/kgmyQ1E5I9Lg=,/lmR7MZO7IerN72w/wHzl2CA05g=
-38,15,SQX2lEGksWJlX2/kgmyQ1E5I9Lg=,/lmR7MZO7IerN72w/wHzl2CA05g=
-37,14,ikoP6F00DWD+IHaE54YCdjhieT0=,/lmR7MZO7IerN72w/wHzl2CA05g=
-33,9,ikoP6F00DWD+IHaE54YCdjhieT0=,/lmR7MZO7IerN72w/wHzl2CA05g=
-34,10,ikoP6F00DWD+IHaE54YCdjhieT0=,/lmR7MZO7IerN72w/wHzl2CA05g=
-41,10,ikoP6F00DWD+IHaE54YCdjhieT0=,/lmR7MZO7IerN72w/wHzl2CA05g=
-38,14,ikoP6F00DWD+IHaE54YCdjhieT0=,/lmR7MZO7IerN72w/wHzl2CA05g=
-33,13,ikoP6F00DWD+IHaE54YCdjhieT0=,/lmR7MZO7IerN72w/wHzl2CA05g=
-42,10,D7n0y6RWBuOpNvPcWkpC0H0x198=,/lmR7MZO7IerN72w/wHzl2CA05g=
-34,9,D7n0y6RWBuOpNvPcWkpC0H0x198=,/lmR7MZO7IerN72w/wHzl2CA05g=
-33,3,D7n0y6RWBuOpNvPcWkpC0H0x198=,/lmR7MZO7IerN72w/wHzl2CA05g=
-39,12,D7n0y6RWBuOpNvPcWkpC0H0x198=,/lmR7MZO7IerN72w/wHzl2CA05g=
-34,13,D7n0y6RWBuOpNvPcWkpC0H0x198=,/lmR7MZO7IerN72w/wHzl2CA05g=
-33,12,D7n0y6RWBuOpNvPcWkpC0H0x198=,/lmR7MZO7IerN72w/wHzl2CA05g=
-40,12,D7n0y6RWBuOpNvPcWkpC0H0x198=,/lmR7MZO7IerN72w/wHzl2CA05g=
-33,6,D7n0y6RWBuOpNvPcWkpC0H0x198=,/lmR7MZO7IerN72w/wHzl2CA05g=
-34,3,D7n0y6RWBuOpNvPcWkpC0H0x198=,/lmR7MZO7IerN72w/wHzl2CA05g=
-41,13,D7n0y6RWBuOpNvPcWkpC0H0x198=,/lmR7MZO7IerN72w/wHzl2CA05g=
-42,13,D7n0y6RWBuOpNvPcWkpC0H0x198=,/lmR7MZO7IerN72w/wHzl2CA05g=
-34,6,D7n0y6RWBuOpNvPcWkpC0H0x198=,/lmR7MZO7IerN72w/wHzl2CA05g=
-33,2,D7n0y6RWBuOpNvPcWkpC0H0x198=,/lmR7MZO7IerN72w/wHzl2CA05g=
-34,12,D7n0y6RWBuOpNvPcWkpC0H0x198=,/lmR7MZO7IerN72w/wHzl2CA05g=
-43,13,D7n0y6RWBuOpNvPcWkpC0H0x198=,/lmR7MZO7IerN72w/wHzl2CA05g=
-39,11,x1kZcDFiZD8Fhb/UqpHc+vxdg0I=,/lmR7MZO7IerN72w/wHzl2CA05g=
-33,8,x1kZcDFiZD8Fhb/UqpHc+vxdg0I=,/lmR7MZO7IerN72w/wHzl2CA05g=
-34,2,x1kZcDFiZD8Fhb/UqpHc+vxdg0I=,/lmR7MZO7IerN72w/wHzl2CA05g=
-33,1,x1kZcDFiZD8Fhb/UqpHc+vxdg0I=,/lmR7MZO7IerN72w/wHzl2CA05g=
-33,5,x1kZcDFiZD8Fhb/UqpHc+vxdg0I=,/lmR7MZO7IerN72w/wHzl2CA05g=
-40,11,x1kZcDFiZD8Fhb/UqpHc+vxdg0I=,/lmR7MZO7IerN72w/wHzl2CA05g=
-34,1,x1kZcDFiZD8Fhb/UqpHc+vxdg0I=,/lmR7MZO7IerN72w/wHzl2CA05g=
-34,8,x1kZcDFiZD8Fhb/UqpHc+vxdg0I=,/lmR7MZO7IerN72w/wHzl2CA05g=
-34,5,x1kZcDFiZD8Fhb/UqpHc+vxdg0I=,/lmR7MZO7IerN72w/wHzl2CA05g=
-44,13,x1kZcDFiZD8Fhb/UqpHc+vxdg0I=,/lmR7MZO7IerN72w/wHzl2CA05g=
-33,0,Q/kkAszyWfyl5WUWX+nYWAKuo0w=,/lmR7MZO7IerN72w/wHzl2CA05g=
-33,15,Q/kkAszyWfyl5WUWX+nYWAKuo0w=,/lmR7MZO7IerN72w/wHzl2CA05g=
-33,4,Q/kkAszyWfyl5WUWX+nYWAKuo0w=,/lmR7MZO7IerN72w/wHzl2CA05g=
-39,15,Q/kkAszyWfyl5WUWX+nYWAKuo0w=,/lmR7MZO7IerN72w/wHzl2CA05g=
-40,15,Q/kkAszyWfyl5WUWX+nYWAKuo0w=,/lmR7MZO7IerN72w/wHzl2CA05g=
-41,12,Q/kkAszyWfyl5WUWX+nYWAKuo0w=,/lmR7MZO7IerN72w/wHzl2CA05g=
-34,4,Q/kkAszyWfyl5WUWX+nYWAKuo0w=,/lmR7MZO7IerN72w/wHzl2CA05g=
-34,15,Q/kkAszyWfyl5WUWX+nYWAKuo0w=,/lmR7MZO7IerN72w/wHzl2CA05g=
-34,0,Q/kkAszyWfyl5WUWX+nYWAKuo0w=,/lmR7MZO7IerN72w/wHzl2CA05g=
-42,12,Q/kkAszyWfyl5WUWX+nYWAKuo0w=,/lmR7MZO7IerN72w/wHzl2CA05g=
-43,9,Q/kkAszyWfyl5WUWX+nYWAKuo0w=,/lmR7MZO7IerN72w/wHzl2CA05g=
-43,14,Q/kkAszyWfyl5WUWX+nYWAKuo0w=,/lmR7MZO7IerN72w/wHzl2CA05g=
-33,14,Q/kkAszyWfyl5WUWX+nYWAKuo0w=,/lmR7MZO7IerN72w/wHzl2CA05g=
-44,9,Q/kkAszyWfyl5WUWX+nYWAKuo0w=,/lmR7MZO7IerN72w/wHzl2CA05g=
-39,14,Q/kkAszyWfyl5WUWX+nYWAKuo0w=,/lmR7MZO7IerN72w/wHzl2CA05g=
-44,14,Q/kkAszyWfyl5WUWX+nYWAKuo0w=,/lmR7MZO7IerN72w/wHzl2CA05g=
-40,14,Q/kkAszyWfyl5WUWX+nYWAKuo0w=,/lmR7MZO7IerN72w/wHzl2CA05g=
-43,5,Q/kkAszyWfyl5WUWX+nYWAKuo0w=,/lmR7MZO7IerN72w/wHzl2CA05g=
-43,15,Q/kkAszyWfyl5WUWX+nYWAKuo0w=,/lmR7MZO7IerN72w/wHzl2CA05g=
-34,14,Q/kkAszyWfyl5WUWX+nYWAKuo0w=,/lmR7MZO7IerN72w/wHzl2CA05g=
-43,0,Q/kkAszyWfyl5WUWX+nYWAKuo0w=,/lmR7MZO7IerN72w/wHzl2CA05g=
-43,12,Q/kkAszyWfyl5WUWX+nYWAKuo0w=,/lmR7MZO7IerN72w/wHzl2CA05g=
-43,2,Q/kkAszyWfyl5WUWX+nYWAKuo0w=,/lmR7MZO7IerN72w/wHzl2CA05g=
-44,15,Q/kkAszyWfyl5WUWX+nYWAKuo0w=,/lmR7MZO7IerN72w/wHzl2CA05g=
-44,12,Q/kkAszyWfyl5WUWX+nYWAKuo0w=,/lmR7MZO7IerN72w/wHzl2CA05g=
-44,0,Q/kkAszyWfyl5WUWX+nYWAKuo0w=,/lmR7MZO7IerN72w/wHzl2CA05g=
-44,5,Q/kkAszyWfyl5WUWX+nYWAKuo0w=,/lmR7MZO7IerN72w/wHzl2CA05g=
-41,15,Q/kkAszyWfyl5WUWX+nYWAKuo0w=,/lmR7MZO7IerN72w/wHzl2CA05g=
-44,2,Q/kkAszyWfyl5WUWX+nYWAKuo0w=,/lmR7MZO7IerN72w/wHzl2CA05g=
-43,1,Q/kkAszyWfyl5WUWX+nYWAKuo0w=,/lmR7MZO7IerN72w/wHzl2CA05g=
-43,8,pgYyYfy6bHbjaGjEN8baat6hOaQ=,/lmR7MZO7IerN72w/wHzl2CA05g=
-42,15,pgYyYfy6bHbjaGjEN8baat6hOaQ=,/lmR7MZO7IerN72w/wHzl2CA05g=
-44,1,pgYyYfy6bHbjaGjEN8baat6hOaQ=,/lmR7MZO7IerN72w/wHzl2CA05g=
-43,10,pgYyYfy6bHbjaGjEN8baat6hOaQ=,/lmR7MZO7IerN72w/wHzl2CA05g=
-44,8,pgYyYfy6bHbjaGjEN8baat6hOaQ=,/lmR7MZO7IerN72w/wHzl2CA05g=
-44,10,pgYyYfy6bHbjaGjEN8baat6hOaQ=,/lmR7MZO7IerN72w/wHzl2CA05g=
-43,6,pgYyYfy6bHbjaGjEN8baat6hOaQ=,/lmR7MZO7IerN72w/wHzl2CA05g=
-44,6,pgYyYfy6bHbjaGjEN8baat6hOaQ=,/lmR7MZO7IerN72w/wHzl2CA05g=
-43,3,pgYyYfy6bHbjaGjEN8baat6hOaQ=,/lmR7MZO7IerN72w/wHzl2CA05g=
-44,3,pgYyYfy6bHbjaGjEN8baat6hOaQ=,/lmR7MZO7IerN72w/wHzl2CA05g=
-39,10,pgYyYfy6bHbjaGjEN8baat6hOaQ=,/lmR7MZO7IerN72w/wHzl2CA05g=
-43,4,pgYyYfy6bHbjaGjEN8baat6hOaQ=,/lmR7MZO7IerN72w/wHzl2CA05g=
-43,7,pgYyYfy6bHbjaGjEN8baat6hOaQ=,/lmR7MZO7IerN72w/wHzl2CA05g=
-44,7,pgYyYfy6bHbjaGjEN8baat6hOaQ=,/lmR7MZO7IerN72w/wHzl2CA05g=
-44,4,pgYyYfy6bHbjaGjEN8baat6hOaQ=,/lmR7MZO7IerN72w/wHzl2CA05g=
-40,10,pgYyYfy6bHbjaGjEN8baat6hOaQ=,/lmR7MZO7IerN72w/wHzl2CA05g=
-39,19,1p2SGitR5Q5IMaTeUo5l4JJ8ZXI=,/lmR7MZO7IerN72w/wHzl2CA05g=
-40,19,1p2SGitR5Q5IMaTeUo5l4JJ8ZXI=,/lmR7MZO7IerN72w/wHzl2CA05g=
-39,21,1p2SGitR5Q5IMaTeUo5l4JJ8ZXI=,/lmR7MZO7IerN72w/wHzl2CA05g=
-33,26,1p2SGitR5Q5IMaTeUo5l4JJ8ZXI=,/lmR7MZO7IerN72w/wHzl2CA05g=
-40,21,1p2SGitR5Q5IMaTeUo5l4JJ8ZXI=,/lmR7MZO7IerN72w/wHzl2CA05g=
-34,26,1p2SGitR5Q5IMaTeUo5l4JJ8ZXI=,/lmR7MZO7IerN72w/wHzl2CA05g=
-39,18,1p2SGitR5Q5IMaTeUo5l4JJ8ZXI=,/lmR7MZO7IerN72w/wHzl2CA05g=
-33,27,1p2SGitR5Q5IMaTeUo5l4JJ8ZXI=,/lmR7MZO7IerN72w/wHzl2CA05g=
-40,18,1p2SGitR5Q5IMaTeUo5l4JJ8ZXI=,/lmR7MZO7IerN72w/wHzl2CA05g=
-34,27,1p2SGitR5Q5IMaTeUo5l4JJ8ZXI=,/lmR7MZO7IerN72w/wHzl2CA05g=
-39,20,1p2SGitR5Q5IMaTeUo5l4JJ8ZXI=,/lmR7MZO7IerN72w/wHzl2CA05g=
-40,20,1p2SGitR5Q5IMaTeUo5l4JJ8ZXI=,/lmR7MZO7IerN72w/wHzl2CA05g=
-39,23,1p2SGitR5Q5IMaTeUo5l4JJ8ZXI=,/lmR7MZO7IerN72w/wHzl2CA05g=
-35,26,1p2SGitR5Q5IMaTeUo5l4JJ8ZXI=,/lmR7MZO7IerN72w/wHzl2CA05g=
-40,23,1p2SGitR5Q5IMaTeUo5l4JJ8ZXI=,/lmR7MZO7IerN72w/wHzl2CA05g=
-36,26,1p2SGitR5Q5IMaTeUo5l4JJ8ZXI=,/lmR7MZO7IerN72w/wHzl2CA05g=
-39,22,1p2SGitR5Q5IMaTeUo5l4JJ8ZXI=,/lmR7MZO7IerN72w/wHzl2CA05g=
-35,27,Muef8OaQ13OkpvX18rGOJHWM1r8=,/lmR7MZO7IerN72w/wHzl2CA05g=
-40,22,Muef8OaQ13OkpvX18rGOJHWM1r8=,/lmR7MZO7IerN72w/wHzl2CA05g=
-36,27,Muef8OaQ13OkpvX18rGOJHWM1r8=,/lmR7MZO7IerN72w/wHzl2CA05g=
-39,16,Muef8OaQ13OkpvX18rGOJHWM1r8=,/lmR7MZO7IerN72w/wHzl2CA05g=
-40,16,Muef8OaQ13OkpvX18rGOJHWM1r8=,/lmR7MZO7IerN72w/wHzl2CA05g=
-39,17,Muef8OaQ13OkpvX18rGOJHWM1r8=,/lmR7MZO7IerN72w/wHzl2CA05g=
-40,17,Muef8OaQ13OkpvX18rGOJHWM1r8=,/lmR7MZO7IerN72w/wHzl2CA05g=
-33,25,qsB3WSlEizz92P1Rv2AUGL24wkE=,/lmR7MZO7IerN72w/wHzl2CA05g=
-37,23,qsB3WSlEizz92P1Rv2AUGL24wkE=,/lmR7MZO7IerN72w/wHzl2CA05g=
-34,25,qsB3WSlEizz92P1Rv2AUGL24wkE=,/lmR7MZO7IerN72w/wHzl2CA05g=
-38,23,qsB3WSlEizz92P1Rv2AUGL24wkE=,/lmR7MZO7IerN72w/wHzl2CA05g=
-33,22,qsB3WSlEizz92P1Rv2AUGL24wkE=,/lmR7MZO7IerN72w/wHzl2CA05g=
-34,22,qsB3WSlEizz92P1Rv2AUGL24wkE=,/lmR7MZO7IerN72w/wHzl2CA05g=
-35,25,qsB3WSlEizz92P1Rv2AUGL24wkE=,/lmR7MZO7IerN72w/wHzl2CA05g=
-36,25,qsB3WSlEizz92P1Rv2AUGL24wkE=,/lmR7MZO7IerN72w/wHzl2CA05g=
-33,24,qsB3WSlEizz92P1Rv2AUGL24wkE=,/lmR7MZO7IerN72w/wHzl2CA05g=
-34,24,qsB3WSlEizz92P1Rv2AUGL24wkE=,/lmR7MZO7IerN72w/wHzl2CA05g=
-33,16,qsB3WSlEizz92P1Rv2AUGL24wkE=,/lmR7MZO7IerN72w/wHzl2CA05g=
-33,23,qsB3WSlEizz92P1Rv2AUGL24wkE=,/lmR7MZO7IerN72w/wHzl2CA05g=
-34,23,qsB3WSlEizz92P1Rv2AUGL24wkE=,/lmR7MZO7IerN72w/wHzl2CA05g=
-35,23,qsB3WSlEizz92P1Rv2AUGL24wkE=,/lmR7MZO7IerN72w/wHzl2CA05g=
-36,23,qsB3WSlEizz92P1Rv2AUGL24wkE=,/lmR7MZO7IerN72w/wHzl2CA05g=
-34,16,qsB3WSlEizz92P1Rv2AUGL24wkE=,/lmR7MZO7IerN72w/wHzl2CA05g=
-35,22,qsB3WSlEizz92P1Rv2AUGL24wkE=,/lmR7MZO7IerN72w/wHzl2CA05g=
-33,19,qsB3WSlEizz92P1Rv2AUGL24wkE=,/lmR7MZO7IerN72w/wHzl2CA05g=
-36,22,qsB3WSlEizz92P1Rv2AUGL24wkE=,/lmR7MZO7IerN72w/wHzl2CA05g=
-34,19,qsB3WSlEizz92P1Rv2AUGL24wkE=,/lmR7MZO7IerN72w/wHzl2CA05g=
-35,24,qsB3WSlEizz92P1Rv2AUGL24wkE=,/lmR7MZO7IerN72w/wHzl2CA05g=
-37,19,qsB3WSlEizz92P1Rv2AUGL24wkE=,/lmR7MZO7IerN72w/wHzl2CA05g=
-36,24,qsB3WSlEizz92P1Rv2AUGL24wkE=,/lmR7MZO7IerN72w/wHzl2CA05g=
-38,19,qsB3WSlEizz92P1Rv2AUGL24wkE=,/lmR7MZO7IerN72w/wHzl2CA05g=
-37,22,qsB3WSlEizz92P1Rv2AUGL24wkE=,/lmR7MZO7IerN72w/wHzl2CA05g=
-35,16,qsB3WSlEizz92P1Rv2AUGL24wkE=,/lmR7MZO7IerN72w/wHzl2CA05g=
-38,22,qsB3WSlEizz92P1Rv2AUGL24wkE=,/lmR7MZO7IerN72w/wHzl2CA05g=
-35,19,qsB3WSlEizz92P1Rv2AUGL24wkE=,/lmR7MZO7IerN72w/wHzl2CA05g=
-36,19,qsB3WSlEizz92P1Rv2AUGL24wkE=,/lmR7MZO7IerN72w/wHzl2CA05g=
-36,16,qsB3WSlEizz92P1Rv2AUGL24wkE=,/lmR7MZO7IerN72w/wHzl2CA05g=
-37,21,qsB3WSlEizz92P1Rv2AUGL24wkE=,/lmR7MZO7IerN72w/wHzl2CA05g=
-38,21,qsB3WSlEizz92P1Rv2AUGL24wkE=,/lmR7MZO7IerN72w/wHzl2CA05g=
-37,18,qsB3WSlEizz92P1Rv2AUGL24wkE=,/lmR7MZO7IerN72w/wHzl2CA05g=
-38,18,qsB3WSlEizz92P1Rv2AUGL24wkE=,/lmR7MZO7IerN72w/wHzl2CA05g=
-33,18,d7tq1d8OX+eCmIhlu4aZruGU1Dg=,/lmR7MZO7IerN72w/wHzl2CA05g=
-34,18,d7tq1d8OX+eCmIhlu4aZruGU1Dg=,/lmR7MZO7IerN72w/wHzl2CA05g=
-37,16,d7tq1d8OX+eCmIhlu4aZruGU1Dg=,/lmR7MZO7IerN72w/wHzl2CA05g=
-38,16,d7tq1d8OX+eCmIhlu4aZruGU1Dg=,/lmR7MZO7IerN72w/wHzl2CA05g=
-33,21,d7tq1d8OX+eCmIhlu4aZruGU1Dg=,/lmR7MZO7IerN72w/wHzl2CA05g=
-34,21,d7tq1d8OX+eCmIhlu4aZruGU1Dg=,/lmR7MZO7IerN72w/wHzl2CA05g=
-37,17,d7tq1d8OX+eCmIhlu4aZruGU1Dg=,/lmR7MZO7IerN72w/wHzl2CA05g=
-38,17,d7tq1d8OX+eCmIhlu4aZruGU1Dg=,/lmR7MZO7IerN72w/wHzl2CA05g=
-37,20,d7tq1d8OX+eCmIhlu4aZruGU1Dg=,/lmR7MZO7IerN72w/wHzl2CA05g=
-38,20,d7tq1d8OX+eCmIhlu4aZruGU1Dg=,/lmR7MZO7IerN72w/wHzl2CA05g=
-33,17,d7tq1d8OX+eCmIhlu4aZruGU1Dg=,/lmR7MZO7IerN72w/wHzl2CA05g=
-34,17,d7tq1d8OX+eCmIhlu4aZruGU1Dg=,/lmR7MZO7IerN72w/wHzl2CA05g=
-35,21,d7tq1d8OX+eCmIhlu4aZruGU1Dg=,/lmR7MZO7IerN72w/wHzl2CA05g=
-36,21,d7tq1d8OX+eCmIhlu4aZruGU1Dg=,/lmR7MZO7IerN72w/wHzl2CA05g=
-33,20,d7tq1d8OX+eCmIhlu4aZruGU1Dg=,/lmR7MZO7IerN72w/wHzl2CA05g=
-34,20,d7tq1d8OX+eCmIhlu4aZruGU1Dg=,/lmR7MZO7IerN72w/wHzl2CA05g=
-35,18,d7tq1d8OX+eCmIhlu4aZruGU1Dg=,/lmR7MZO7IerN72w/wHzl2CA05g=
-36,18,d7tq1d8OX+eCmIhlu4aZruGU1Dg=,/lmR7MZO7IerN72w/wHzl2CA05g=
-35,17,d7tq1d8OX+eCmIhlu4aZruGU1Dg=,/lmR7MZO7IerN72w/wHzl2CA05g=
-35,20,d7tq1d8OX+eCmIhlu4aZruGU1Dg=,/lmR7MZO7IerN72w/wHzl2CA05g=
-36,20,d7tq1d8OX+eCmIhlu4aZruGU1Dg=,/lmR7MZO7IerN72w/wHzl2CA05g=
-36,17,d7tq1d8OX+eCmIhlu4aZruGU1Dg=,/lmR7MZO7IerN72w/wHzl2CA05g=
