-41,-5,xZDFDhDIls42//mXku1/yWheuHA=,/lmR7MZO7IerN72w/wHzl2CA05g=
-42,-5,xZDFDhDIls42//mXku1/yWheuHA=,/lmR7MZO7IerN72w/wHzl2CA05g=
-41,-6,1PzPRFI32rz6RdfilUEUg560tQI=,/lmR7MZO7IerN72w/wHzl2CA05g=
-42,-6,1PzPRFI32rz6RdfilUEUg560tQI=,/lmR7MZO7IerN72w/wHzl2CA05g=
-39,-5,UIJSzWsJsf8838Z7bHG4oIwMY+w=,/lmR7MZO7IerN72w/wHzl2CA05g=
-40,-5,UIJSzWsJsf8838Z7bHG4oIwMY+w=,/lmR7MZO7IerN72w/wHzl2CA05g=
-39,-3,nSr1YifeFdfjJJoX0klFY22BoXM=,/lmR7MZO7IerN72w/wHzl2CA05g=
-40,-3,nSr1YifeFdfjJJoX0klFY22BoXM=,/lmR7MZO7IerN72w/wHzl2CA05g=
-41,-3,ZtMDiYP/nPp0lYTOXQ4z4R6m9tY=,/lmR7MZO7IerN72w/wHzl2CA05g=
-37,-5,ZtMDiYP/nPp0lYTOXQ4z4R6m9tY=,/lmR7MZO7IerN72w/wHzl2CA05g=
-42,-3,ZtMDiYP/nPp0lYTOXQ4z4R6m9tY=,/lmR7MZO7IerN72w/wHzl2CA05g=
-37,-3,UlB62a3goI/Yy4YhKazRPM4DbXU=,/lmR7MZO7IerN72w/wHzl2CA05g=
-39,-6,UlB62a3goI/Yy4YhKazRPM4DbXU=,/lmR7MZO7IerN72w/wHzl2CA05g=
-38,-5,GbqeQZLx6Q2Ne3oOxlAD+ZC5nhs=,/lmR7MZO7IerN72w/wHzl2CA05g=
-40,-6,GbqeQZLx6Q2Ne3oOxlAD+ZC5nhs=,/lmR7MZO7IerN72w/wHzl2CA05g=
-38,-3,GbqeQZLx6Q2Ne3oOxlAD+ZC5nhs=,/lmR7MZO7IerN72w/wHzl2CA05g=
-41,-4,GbqeQZLx6Q2Ne3oOxlAD+ZC5nhs=,/lmR7MZO7IerN72w/wHzl2CA05g=
-42,-4,AS98QfH7mqEnIsO6KnPrJ3vp6ls=,/lmR7MZO7IerN72w/wHzl2CA05g=
-35,-5,AS98QfH7mqEnIsO6KnPrJ3vp6ls=,/lmR7MZO7IerN72w/wHzl2CA05g=
-36,-5,AS98QfH7mqEnIsO6KnPrJ3vp6ls=,/lmR7MZO7IerN72w/wHzl2CA05g=
-39,-4,AS98QfH7mqEnIsO6KnPrJ3vp6ls=,/lmR7MZO7IerN72w/wHzl2CA05g=
-40,-4,Ytz3xBh8WhdU9MgtDTCTmToqyrI=,/lmR7MZO7IerN72w/wHzl2CA05g=
-37,-6,Ytz3xBh8WhdU9MgtDTCTmToqyrI=,/lmR7MZO7IerN72w/wHzl2CA05g=
-38,-6,EOJohwLHGLhNLiSoDZ2TRJ3lhMY=,/lmR7MZO7IerN72w/wHzl2CA05g=
-35,-6,aHubfK2sNgymwvON5rmAUSbtr3k=,/lmR7MZO7IerN72w/wHzl2CA05g=
-37,-7,aHubfK2sNgymwvON5rmAUSbtr3k=,/lmR7MZO7IerN72w/wHzl2CA05g=
-36,-6,aHubfK2sNgymwvON5rmAUSbtr3k=,/lmR7MZO7IerN72w/wHzl2CA05g=
-38,-7,mx0uZoQ9Uw6o/zPivOA+lLyi5no=,/lmR7MZO7IerN72w/wHzl2CA05g=
-37,-4,mx0uZoQ9Uw6o/zPivOA+lLyi5no=,/lmR7MZO7IerN72w/wHzl2CA05g=
-38,-4,zxTEIUizfRNdbmF3G21Mj4Xx+/U=,/lmR7MZO7IerN72w/wHzl2CA05g=
-37,-9,zxTEIUizfRNdbmF3G21Mj4Xx+/U=,/lmR7MZO7IerN72w/wHzl2CA05g=
-41,-9,zxTEIUizfRNdbmF3G21Mj4Xx+/U=,/lmR7MZO7IerN72w/wHzl2CA05g=
-42,-9,zxTEIUizfRNdbmF3G21Mj4Xx+/U=,/lmR7MZO7IerN72w/wHzl2CA05g=
-35,-3,8wE8R+VRRby0kpdWnPteL4FCCyE=,/lmR7MZO7IerN72w/wHzl2CA05g=
-38,-9,8wE8R+VRRby0kpdWnPteL4FCCyE=,/lmR7MZO7IerN72w/wHzl2CA05g=
-39,-7,8wE8R+VRRby0kpdWnPteL4FCCyE=,/lmR7MZO7IerN72w/wHzl2CA05g=
-35,-4,rK8lgnoLjJ85wi8S2MUhzrTbQtA=,/lmR7MZO7IerN72w/wHzl2CA05g=
-40,-7,rK8lgnoLjJ85wi8S2MUhzrTbQtA=,/lmR7MZO7IerN72w/wHzl2CA05g=
-37,-8,WHClHr7t/HCUJRjY6KbpISgaps4=,/lmR7MZO7IerN72w/wHzl2CA05g=
-36,-4,WHClHr7t/HCUJRjY6KbpISgaps4=,/lmR7MZO7IerN72w/wHzl2CA05g=
-39,-9,WHClHr7t/HCUJRjY6KbpISgaps4=,/lmR7MZO7IerN72w/wHzl2CA05g=
-41,-13,WHClHr7t/HCUJRjY6KbpISgaps4=,/lmR7MZO7IerN72w/wHzl2CA05g=
-38,-8,WHClHr7t/HCUJRjY6KbpISgaps4=,/lmR7MZO7IerN72w/wHzl2CA05g=
-42,-13,WHClHr7t/HCUJRjY6KbpISgaps4=,/lmR7MZO7IerN72w/wHzl2CA05g=
-36,-3,WHClHr7t/HCUJRjY6KbpISgaps4=,/lmR7MZO7IerN72w/wHzl2CA05g=
-40,-9,mfz6kdlnsBgdWpjM5DYiC/rLRhM=,/lmR7MZO7IerN72w/wHzl2CA05g=
-37,-10,mfz6kdlnsBgdWpjM5DYiC/rLRhM=,/lmR7MZO7IerN72w/wHzl2CA05g=
-43,-13,mfz6kdlnsBgdWpjM5DYiC/rLRhM=,/lmR7MZO7IerN72w/wHzl2CA05g=
-39,-13,mfz6kdlnsBgdWpjM5DYiC/rLRhM=,/lmR7MZO7IerN72w/wHzl2CA05g=
-44,-13,mfz6kdlnsBgdWpjM5DYiC/rLRhM=,/lmR7MZO7IerN72w/wHzl2CA05g=
-41,-7,mfz6kdlnsBgdWpjM5DYiC/rLRhM=,/lmR7MZO7IerN72w/wHzl2CA05g=
-38,-10,mfz6kdlnsBgdWpjM5DYiC/rLRhM=,/lmR7MZO7IerN72w/wHzl2CA05g=
-40,-13,mfz6kdlnsBgdWpjM5DYiC/rLRhM=,/lmR7MZO7IerN72w/wHzl2CA05g=
-43,-14,mfz6kdlnsBgdWpjM5DYiC/rLRhM=,/lmR7MZO7IerN72w/wHzl2CA05g=
-42,-7,mfz6kdlnsBgdWpjM5DYiC/rLRhM=,/lmR7MZO7IerN72w/wHzl2CA05g=
-44,-14,mfz6kdlnsBgdWpjM5DYiC/rLRhM=,/lmR7MZO7IerN72w/wHzl2CA05g=
-35,-7,0h34qCgbRobcf/OW1JXisFA4yEQ=,/lmR7MZO7IerN72w/wHzl2CA05g=
-41,-14,0h34qCgbRobcf/OW1JXisFA4yEQ=,/lmR7MZO7IerN72w/wHzl2CA05g=
-41,-10,0h34qCgbRobcf/OW1JXisFA4yEQ=,/lmR7MZO7IerN72w/wHzl2CA05g=
-43,-11,0h34qCgbRobcf/OW1JXisFA4yEQ=,/lmR7MZO7IerN72w/wHzl2CA05g=
-42,-10,0h34qCgbRobcf/OW1JXisFA4yEQ=,/lmR7MZO7IerN72w/wHzl2CA05g=
-44,-11,0h34qCgbRobcf/OW1JXisFA4yEQ=,/lmR7MZO7IerN72w/wHzl2CA05g=
-42,-14,0h34qCgbRobcf/OW1JXisFA4yEQ=,/lmR7MZO7IerN72w/wHzl2CA05g=
-43,-12,0h34qCgbRobcf/OW1JXisFA4yEQ=,/lmR7MZO7IerN72w/wHzl2CA05g=
-44,-12,0h34qCgbRobcf/OW1JXisFA4yEQ=,/lmR7MZO7IerN72w/wHzl2CA05g=
-36,-7,0h34qCgbRobcf/OW1JXisFA4yEQ=,/lmR7MZO7IerN72w/wHzl2CA05g=
-39,-14,0h34qCgbRobcf/OW1JXisFA4yEQ=,/lmR7MZO7IerN72w/wHzl2CA05g=
-39,-10,0h34qCgbRobcf/OW1JXisFA4yEQ=,/lmR7MZO7IerN72w/wHzl2CA05g=
-40,-14,IYF0EE4UeET6ScDx0FhzEzRiV6A=,/lmR7MZO7IerN72w/wHzl2CA05g=
-40,-10,IYF0EE4UeET6ScDx0FhzEzRiV6A=,/lmR7MZO7IerN72w/wHzl2CA05g=
-35,-9,IYF0EE4UeET6ScDx0FhzEzRiV6A=,/lmR7MZO7IerN72w/wHzl2CA05g=
-41,-1,715bQc5+Ga/zYzG44m6n960HDKw=,/lmR7MZO7IerN72w/wHzl2CA05g=
-39,-11,715bQc5+Ga/zYzG44m6n960HDKw=,/lmR7MZO7IerN72w/wHzl2CA05g=
-41,-8,715bQc5+Ga/zYzG44m6n960HDKw=,/lmR7MZO7IerN72w/wHzl2CA05g=
-36,-9,715bQc5+Ga/zYzG44m6n960HDKw=,/lmR7MZO7IerN72w/wHzl2CA05g=
-42,-1,715bQc5+Ga/zYzG44m6n960HDKw=,/lmR7MZO7IerN72w/wHzl2CA05g=
-42,-8,gi0wML0Gek1RDMTNyNU7wi0y10A=,/lmR7MZO7IerN72w/wHzl2CA05g=
-41,-2,gi0wML0Gek1RDMTNyNU7wi0y10A=,/lmR7MZO7IerN72w/wHzl2CA05g=
-40,-11,gi0wML0Gek1RDMTNyNU7wi0y10A=,/lmR7MZO7IerN72w/wHzl2CA05g=
-35,-8,gi0wML0Gek1RDMTNyNU7wi0y10A=,/lmR7MZO7IerN72w/wHzl2CA05g=
-42,-2,gi0wML0Gek1RDMTNyNU7wi0y10A=,/lmR7MZO7IerN72w/wHzl2CA05g=
-41,-11,gi0wML0Gek1RDMTNyNU7wi0y10A=,/lmR7MZO7IerN72w/wHzl2CA05g=
-39,-8,gi0wML0Gek1RDMTNyNU7wi0y10A=,/lmR7MZO7IerN72w/wHzl2CA05g=
-36,-8,gi0wML0Gek1RDMTNyNU7wi0y10A=,/lmR7MZO7IerN72w/wHzl2CA05g=
-42,-11,gi0wML0Gek1RDMTNyNU7wi0y10A=,/lmR7MZO7IerN72w/wHzl2CA05g=
-39,-1,yKz7DnmCkDjXGQMgl9Wt9LQv+JA=,/lmR7MZO7IerN72w/wHzl2CA05g=
-40,-8,yKz7DnmCkDjXGQMgl9Wt9LQv+JA=,/lmR7MZO7IerN72w/wHzl2CA05g=
-41,-12,yKz7DnmCkDjXGQMgl9Wt9LQv+JA=,/lmR7MZO7IerN72w/wHzl2CA05g=
-35,-10,yKz7DnmCkDjXGQMgl9Wt9LQv+JA=,/lmR7MZO7IerN72w/wHzl2CA05g=
-42,-12,yKz7DnmCkDjXGQMgl9Wt9LQv+JA=,/lmR7MZO7IerN72w/wHzl2CA05g=
-36,-10,Ujg/1WwT1p/GPDMqxUuoEGDhGek=,/lmR7MZO7IerN72w/wHzl2CA05g=
-39,-12,Ujg/1WwT1p/GPDMqxUuoEGDhGek=,/lmR7MZO7IerN72w/wHzl2CA05g=
-40,-1,Ujg/1WwT1p/GPDMqxUuoEGDhGek=,/lmR7MZO7IerN72w/wHzl2CA05g=
-37,-1,Ujg/1WwT1p/GPDMqxUuoEGDhGek=,/lmR7MZO7IerN72w/wHzl2CA05g=
-40,-12,V5VA8FUoeK8gB6WQPBqLxLKI2Cw=,/lmR7MZO7IerN72w/wHzl2CA05g=
-38,-1,V5VA8FUoeK8gB6WQPBqLxLKI2Cw=,/lmR7MZO7IerN72w/wHzl2CA05g=
-39,-2,V5VA8FUoeK8gB6WQPBqLxLKI2Cw=,/lmR7MZO7IerN72w/wHzl2CA05g=
-33,-5,w3I4FwWFtf3UHzouS+HzGDZ6C/A=,/lmR7MZO7IerN72w/wHzl2CA05g=
-35,-1,w3I4FwWFtf3UHzouS+HzGDZ6C/A=,/lmR7MZO7IerN72w/wHzl2CA05g=
-40,-2,w3I4FwWFtf3UHzouS+HzGDZ6C/A=,/lmR7MZO7IerN72w/wHzl2CA05g=
-33,-8,w3I4FwWFtf3UHzouS+HzGDZ6C/A=,/lmR7MZO7IerN72w/wHzl2CA05g=
-34,-5,w3I4FwWFtf3UHzouS+HzGDZ6C/A=,/lmR7MZO7IerN72w/wHzl2CA05g=
-36,-1,YY6bm8ND3UqAiB25aletOg0HryQ=,/lmR7MZO7IerN72w/wHzl2CA05g=
-37,-13,YY6bm8ND3UqAiB25aletOg0HryQ=,/lmR7MZO7IerN72w/wHzl2CA05g=
-34,-8,YY6bm8ND3UqAiB25aletOg0HryQ=,/lmR7MZO7IerN72w/wHzl2CA05g=
-33,-6,YY6bm8ND3UqAiB25aletOg0HryQ=,/lmR7MZO7IerN72w/wHzl2CA05g=
-35,-2,YY6bm8ND3UqAiB25aletOg0HryQ=,/lmR7MZO7IerN72w/wHzl2CA05g=
-38,-13,YY6bm8ND3UqAiB25aletOg0HryQ=,/lmR7MZO7IerN72w/wHzl2CA05g=
-33,-9,YY6bm8ND3UqAiB25aletOg0HryQ=,/lmR7MZO7IerN72w/wHzl2CA05g=
-34,-6,YY6bm8ND3UqAiB25aletOg0HryQ=,/lmR7MZO7IerN72w/wHzl2CA05g=
-36,-2,e51v5qOIdVdUW2VNxMtuiNMAXzU=,/lmR7MZO7IerN72w/wHzl2CA05g=
-35,-11,e51v5qOIdVdUW2VNxMtuiNMAXzU=,/lmR7MZO7IerN72w/wHzl2CA05g=
-34,-9,e51v5qOIdVdUW2VNxMtuiNMAXzU=,/lmR7MZO7IerN72w/wHzl2CA05g=
-33,-4,e51v5qOIdVdUW2VNxMtuiNMAXzU=,/lmR7MZO7IerN72w/wHzl2CA05g=
-36,-11,e51v5qOIdVdUW2VNxMtuiNMAXzU=,/lmR7MZO7IerN72w/wHzl2CA05g=
-37,-2,e51v5qOIdVdUW2VNxMtuiNMAXzU=,/lmR7MZO7IerN72w/wHzl2CA05g=
-33,-7,GgbzJEnyHSDwywhWdTCox6icXNI=,/lmR7MZO7IerN72w/wHzl2CA05g=
-35,-14,GgbzJEnyHSDwywhWdTCox6icXNI=,/lmR7MZO7IerN72w/wHzl2CA05g=
-34,-4,GgbzJEnyHSDwywhWdTCox6icXNI=,/lmR7MZO7IerN72w/wHzl2CA05g=
-38,-2,GgbzJEnyHSDwywhWdTCox6icXNI=,/lmR7MZO7IerN72w/wHzl2CA05g=
-36,-14,GgbzJEnyHSDwywhWdTCox6icXNI=,/lmR7MZO7IerN72w/wHzl2CA05g=
-34,-7,GgbzJEnyHSDwywhWdTCox6icXNI=,/lmR7MZO7IerN72w/wHzl2CA05g=
-33,-3,GgbzJEnyHSDwywhWdTCox6icXNI=,/lmR7MZO7IerN72w/wHzl2CA05g=
-37,-14,GgbzJEnyHSDwywhWdTCox6icXNI=,/lmR7MZO7IerN72w/wHzl2CA05g=
-33,-10,ykN4HYJRb+g+SOVUUYap4ZrAE0k=,/lmR7MZO7IerN72w/wHzl2CA05g=
-34,-3,ykN4HYJRb+g+SOVUUYap4ZrAE0k=,/lmR7MZO7IerN72w/wHzl2CA05g=
-33,-13,ykN4HYJRb+g+SOVUUYap4ZrAE0k=,/lmR7MZO7IerN72w/wHzl2CA05g=
-38,-14,ykN4HYJRb+g+SOVUUYap4ZrAE0k=,/lmR7MZO7IerN72w/wHzl2CA05g=
-34,-10,ykN4HYJRb+g+SOVUUYap4ZrAE0k=,/lmR7MZO7IerN72w/wHzl2CA05g=
-34,-13,ykN4HYJRb+g+SOVUUYap4ZrAE0k=,/lmR7MZO7IerN72w/wHzl2CA05g=
-35,-13,ykN4HYJRb+g+SOVUUYap4ZrAE0k=,/lmR7MZO7IerN72w/wHzl2CA05g=
-36,-13,ykN4HYJRb+g+SOVUUYap4ZrAE0k=,/lmR7MZO7IerN72w/wHzl2CA05g=
-33,-14,ykN4HYJRb+g+SOVUUYap4ZrAE0k=,/lmR7MZO7IerN72w/wHzl2CA05g=
-34,-14,ykN4HYJRb+g+SOVUUYap4ZrAE0k=,/lmR7MZO7IerN72w/wHzl2CA05g=
-37,-11,ykN4HYJRb+g+SOVUUYap4ZrAE0k=,/lmR7MZO7IerN72w/wHzl2CA05g=
-43,-15,ykN4HYJRb+g+SOVUUYap4ZrAE0k=,/lmR7MZO7IerN72w/wHzl2CA05g=
-33,-11,ykN4HYJRb+g+SOVUUYap4ZrAE0k=,/lmR7MZO7IerN72w/wHzl2CA05g=
-44,-15,ykN4HYJRb+g+SOVUUYap4ZrAE0k=,/lmR7MZO7IerN72w/wHzl2CA05g=
-43,-16,ykN4HYJRb+g+SOVUUYap4ZrAE0k=,/lmR7MZO7IerN72w/wHzl2CA05g=
-44,-16,SHocwzr5ikQJfRBCci8Z8lc8wTk=,/lmR7MZO7IerN72w/wHzl2CA05g=
-38,-11,SHocwzr5ikQJfRBCci8Z8lc8wTk=,/lmR7MZO7IerN72w/wHzl2CA05g=
-34,-11,SHocwzr5ikQJfRBCci8Z8lc8wTk=,/lmR7MZO7IerN72w/wHzl2CA05g=
-35,-15,SHocwzr5ikQJfRBCci8Z8lc8wTk=,/lmR7MZO7IerN72w/wHzl2CA05g=
-43,-1,SHocwzr5ikQJfRBCci8Z8lc8wTk=,/lmR7MZO7IerN72w/wHzl2CA05g=
-37,-12,SHocwzr5ikQJfRBCci8Z8lc8wTk=,/lmR7MZO7IerN72w/wHzl2CA05g=
-36,-15,SHocwzr5ikQJfRBCci8Z8lc8wTk=,/lmR7MZO7IerN72w/wHzl2CA05g=
-33,-12,SHocwzr5ikQJfRBCci8Z8lc8wTk=,/lmR7MZO7IerN72w/wHzl2CA05g=
-44,-1,SHocwzr5ikQJfRBCci8Z8lc8wTk=,/lmR7MZO7IerN72w/wHzl2CA05g=
-34,-12,SHocwzr5ikQJfRBCci8Z8lc8wTk=,/lmR7MZO7IerN72w/wHzl2CA05g=
-37,-15,SHocwzr5ikQJfRBCci8Z8lc8wTk=,/lmR7MZO7IerN72w/wHzl2CA05g=
-43,-2,SHocwzr5ikQJfRBCci8Z8lc8wTk=,/lmR7MZO7IerN72w/wHzl2CA05g=
-38,-12,SHocwzr5ikQJfRBCci8Z8lc8wTk=,/lmR7MZO7IerN72w/wHzl2CA05g=
-44,-2,SHocwzr5ikQJfRBCci8Z8lc8wTk=,/lmR7MZO7IerN72w/wHzl2CA05g=
-43,-5,SHocwzr5ikQJfRBCci8Z8lc8wTk=,/lmR7MZO7IerN72w/wHzl2CA05g=
-35,-12,SHocwzr5ikQJfRBCci8Z8lc8wTk=,/lmR7MZO7IerN72w/wHzl2CA05g=
-36,-12,SHocwzr5ikQJfRBCci8Z8lc8wTk=,/lmR7MZO7IerN72w/wHzl2CA05g=
-44,-5,sBrIP44q+iah2mbNO+7qa+MzPPo=,/lmR7MZO7IerN72w/wHzl2CA05g=
-38,-15,sBrIP44q+iah2mbNO+7qa+MzPPo=,/lmR7MZO7IerN72w/wHzl2CA05g=
-33,-15,sBrIP44q+iah2mbNO+7qa+MzPPo=,/lmR7MZO7IerN72w/wHzl2CA05g=
-33,-1,sBrIP44q+iah2mbNO+7qa+MzPPo=,/lmR7MZO7IerN72w/wHzl2CA05g=
-43,-9,sBrIP44q+iah2mbNO+7qa+MzPPo=,/lmR7MZO7IerN72w/wHzl2CA05g=
-44,-9,sBrIP44q+iah2mbNO+7qa+MzPPo=,/lmR7MZO7IerN72w/wHzl2CA05g=
-34,-15,sBrIP44q+iah2mbNO+7qa+MzPPo=,/lmR7MZO7IerN72w/wHzl2CA05g=
-39,-15,sBrIP44q+iah2mbNO+7qa+MzPPo=,/lmR7MZO7IerN72w/wHzl2CA05g=
-34,-1,sBrIP44q+iah2mbNO+7qa+MzPPo=,/lmR7MZO7IerN72w/wHzl2CA05g=
-43,-6,sBrIP44q+iah2mbNO+7qa+MzPPo=,/lmR7MZO7IerN72w/wHzl2CA05g=
-33,-16,sBrIP44q+iah2mbNO+7qa+MzPPo=,/lmR7MZO7IerN72w/wHzl2CA05g=
-34,-16,sBrIP44q+iah2mbNO+7qa+MzPPo=,/lmR7MZO7IerN72w/wHzl2CA05g=
-44,-6,sBrIP44q+iah2mbNO+7qa+MzPPo=,/lmR7MZO7IerN72w/wHzl2CA05g=
-40,-15,sBrIP44q+iah2mbNO+7qa+MzPPo=,/lmR7MZO7IerN72w/wHzl2CA05g=
-33,-2,sBrIP44q+iah2mbNO+7qa+MzPPo=,/lmR7MZO7IerN72w/wHzl2CA05g=
-43,-10,sBrIP44q+iah2mbNO+7qa+MzPPo=,/lmR7MZO7IerN72w/wHzl2CA05g=
-37,-16,lAoL8xKEZMgop4EBwvQmiQHErYM=,/lmR7MZO7IerN72w/wHzl2CA05g=
-34,-2,lAoL8xKEZMgop4EBwvQmiQHErYM=,/lmR7MZO7IerN72w/wHzl2CA05g=
-44,-10,lAoL8xKEZMgop4EBwvQmiQHErYM=,/lmR7MZO7IerN72w/wHzl2CA05g=
-43,-3,lAoL8xKEZMgop4EBwvQmiQHErYM=,/lmR7MZO7IerN72w/wHzl2CA05g=
-44,-3,lAoL8xKEZMgop4EBwvQmiQHErYM=,/lmR7MZO7IerN72w/wHzl2CA05g=
-38,-16,lAoL8xKEZMgop4EBwvQmiQHErYM=,/lmR7MZO7IerN72w/wHzl2CA05g=
-43,-7,lAoL8xKEZMgop4EBwvQmiQHErYM=,/lmR7MZO7IerN72w/wHzl2CA05g=
-41,-15,lAoL8xKEZMgop4EBwvQmiQHErYM=,/lmR7MZO7IerN72w/wHzl2CA05g=
-44,-7,lAoL8xKEZMgop4EBwvQmiQHErYM=,/lmR7MZO7IerN72w/wHzl2CA05g=
-43,-8,lAoL8xKEZMgop4EBwvQmiQHErYM=,/lmR7MZO7IerN72w/wHzl2CA05g=
-42,-15,lAoL8xKEZMgop4EBwvQmiQHErYM=,/lmR7MZO7IerN72w/wHzl2CA05g=
-43,-4,lAoL8xKEZMgop4EBwvQmiQHErYM=,/lmR7MZO7IerN72w/wHzl2CA05g=
-44,-4,lAoL8xKEZMgop4EBwvQmiQHErYM=,/lmR7MZO7IerN72w/wHzl2CA05g=
-44,-8,lAoL8xKEZMgop4EBwvQmiQHErYM=,/lmR7MZO7IerN72w/wHzl2CA05g=
-39,-16,lAoL8xKEZMgop4EBwvQmiQHErYM=,/lmR7MZO7IerN72w/wHzl2CA05g=
-40,-16,lAoL8xKEZMgop4EBwvQmiQHErYM=,/lmR7MZO7IerN72w/wHzl2CA05g=
-41,-16,G73nijdRaOpffEUHGhyplJV50sw=,/lmR7MZO7IerN72w/wHzl2CA05g=
-35,-16,G73nijdRaOpffEUHGhyplJV50sw=,/lmR7MZO7IerN72w/wHzl2CA05g=
-36,-16,G73nijdRaOpffEUHGhyplJV50sw=,/lmR7MZO7IerN72w/wHzl2CA05g=
-42,-16,G73nijdRaOpffEUHGhyplJV50sw=,/lmR7MZO7IerN72w/wHzl2CA05g=
-41,-21,zoJ40Hr3TGhNhMCyXMSDkZht97U=,/lmR7MZO7IerN72w/wHzl2CA05g=
-42,-21,zoJ40Hr3TGhNhMCyXMSDkZht97U=,/lmR7MZO7IerN72w/wHzl2CA05g=
-41,-22,JWQJWX9ms/bAAnEDIWb2cpF4Q2E=,/lmR7MZO7IerN72w/wHzl2CA05g=
-42,-22,JWQJWX9ms/bAAnEDIWb2cpF4Q2E=,/lmR7MZO7IerN72w/wHzl2CA05g=
-39,-19,Fq6AdRyDbxyd6z1X9eTm6LSffO0=,/lmR7MZO7IerN72w/wHzl2CA05g=
-39,-21,iz0luDCJkFmTlcclGzHwhKOMqkc=,/lmR7MZO7IerN72w/wHzl2CA05g=
-40,-19,iz0luDCJkFmTlcclGzHwhKOMqkc=,/lmR7MZO7IerN72w/wHzl2CA05g=
-37,-19,iz0luDCJkFmTlcclGzHwhKOMqkc=,/lmR7MZO7IerN72w/wHzl2CA05g=
-40,-21,f1v3L+JPuLH06FNP/hrF6lB0zxg=,/lmR7MZO7IerN72w/wHzl2CA05g=
-38,-19,f1v3L+JPuLH06FNP/hrF6lB0zxg=,/lmR7MZO7IerN72w/wHzl2CA05g=
-41,-19,YgE89t6BtAmRDz4YWE5FYf7CbWU=,/lmR7MZO7IerN72w/wHzl2CA05g=
-37,-21,YgE89t6BtAmRDz4YWE5FYf7CbWU=,/lmR7MZO7IerN72w/wHzl2CA05g=
-42,-19,J0Rw1jdvp+zq3mj1KZAHz+lErgk=,/lmR7MZO7IerN72w/wHzl2CA05g=
-38,-21,J0Rw1jdvp+zq3mj1KZAHz+lErgk=,/lmR7MZO7IerN72w/wHzl2CA05g=
-35,-22,bDyuClspwSA04cfOGCW6T/KFRXU=,/lmR7MZO7IerN72w/wHzl2CA05g=
-39,-22,bDyuClspwSA04cfOGCW6T/KFRXU=,/lmR7MZO7IerN72w/wHzl2CA05g=
-36,-22,qxrcHOU/uPoKzOljmOYfilVnVQw=,/lmR7MZO7IerN72w/wHzl2CA05g=
-37,-23,qxrcHOU/uPoKzOljmOYfilVnVQw=,/lmR7MZO7IerN72w/wHzl2CA05g=
-39,-20,qxrcHOU/uPoKzOljmOYfilVnVQw=,/lmR7MZO7IerN72w/wHzl2CA05g=
-37,-22,qxrcHOU/uPoKzOljmOYfilVnVQw=,/lmR7MZO7IerN72w/wHzl2CA05g=
-38,-23,qxrcHOU/uPoKzOljmOYfilVnVQw=,/lmR7MZO7IerN72w/wHzl2CA05g=
-35,-23,HSHKNo32SW2NaJtjNXKQWJRCV4w=,/lmR7MZO7IerN72w/wHzl2CA05g=
-38,-22,HSHKNo32SW2NaJtjNXKQWJRCV4w=,/lmR7MZO7IerN72w/wHzl2CA05g=
-40,-20,HSHKNo32SW2NaJtjNXKQWJRCV4w=,/lmR7MZO7IerN72w/wHzl2CA05g=
-35,-19,HSHKNo32SW2NaJtjNXKQWJRCV4w=,/lmR7MZO7IerN72w/wHzl2CA05g=
-36,-23,8oqO3nlZWNt16u3VUQXGfDQ+gy0=,/lmR7MZO7IerN72w/wHzl2CA05g=
-40,-22,8oqO3nlZWNt16u3VUQXGfDQ+gy0=,/lmR7MZO7IerN72w/wHzl2CA05g=
-36,-19,8oqO3nlZWNt16u3VUQXGfDQ+gy0=,/lmR7MZO7IerN72w/wHzl2CA05g=
-37,-25,8oqO3nlZWNt16u3VUQXGfDQ+gy0=,/lmR7MZO7IerN72w/wHzl2CA05g=
-41,-20,4kUI316tOQfRP4RcNKBxK/MZoJQ=,/lmR7MZO7IerN72w/wHzl2CA05g=
-35,-20,4kUI316tOQfRP4RcNKBxK/MZoJQ=,/lmR7MZO7IerN72w/wHzl2CA05g=
-38,-25,4kUI316tOQfRP4RcNKBxK/MZoJQ=,/lmR7MZO7IerN72w/wHzl2CA05g=
-37,-24,4kUI316tOQfRP4RcNKBxK/MZoJQ=,/lmR7MZO7IerN72w/wHzl2CA05g=
-42,-20,4kUI316tOQfRP4RcNKBxK/MZoJQ=,/lmR7MZO7IerN72w/wHzl2CA05g=
-38,-24,JdmOAedqc2EnxseMniLa6cV3qeY=,/lmR7MZO7IerN72w/wHzl2CA05g=
-36,-20,JdmOAedqc2EnxseMniLa6cV3qeY=,/lmR7MZO7IerN72w/wHzl2CA05g=
-37,-26,ke0ft0x2kbj1VS4L653byCZ0ulU=,/lmR7MZO7IerN72w/wHzl2CA05g=
-37,-20,ke0ft0x2kbj1VS4L653byCZ0ulU=,/lmR7MZO7IerN72w/wHzl2CA05g=
-41,-25,ke0ft0x2kbj1VS4L653byCZ0ulU=,/lmR7MZO7IerN72w/wHzl2CA05g=
-38,-26,ke0ft0x2kbj1VS4L653byCZ0ulU=,/lmR7MZO7IerN72w/wHzl2CA05g=
-41,-29,ke0ft0x2kbj1VS4L653byCZ0ulU=,/lmR7MZO7IerN72w/wHzl2CA05g=
-38,-20,ke0ft0x2kbj1VS4L653byCZ0ulU=,/lmR7MZO7IerN72w/wHzl2CA05g=
-42,-25,ke0ft0x2kbj1VS4L653byCZ0ulU=,/lmR7MZO7IerN72w/wHzl2CA05g=
-42,-29,ke0ft0x2kbj1VS4L653byCZ0ulU=,/lmR7MZO7IerN72w/wHzl2CA05g=
-35,-24,Ca1vQNdA9tFykm6Wd65CwyjZiRk=,/lmR7MZO7IerN72w/wHzl2CA05g=
-35,-21,Ca1vQNdA9tFykm6Wd65CwyjZiRk=,/lmR7MZO7IerN72w/wHzl2CA05g=
-41,-30,Ca1vQNdA9tFykm6Wd65CwyjZiRk=,/lmR7MZO7IerN72w/wHzl2CA05g=
-39,-23,Ca1vQNdA9tFykm6Wd65CwyjZiRk=,/lmR7MZO7IerN72w/wHzl2CA05g=
-42,-30,Ca1vQNdA9tFykm6Wd65CwyjZiRk=,/lmR7MZO7IerN72w/wHzl2CA05g=
-41,-27,Ca1vQNdA9tFykm6Wd65CwyjZiRk=,/lmR7MZO7IerN72w/wHzl2CA05g=
-40,-23,Ca1vQNdA9tFykm6Wd65CwyjZiRk=,/lmR7MZO7IerN72w/wHzl2CA05g=
-36,-24,Ca1vQNdA9tFykm6Wd65CwyjZiRk=,/lmR7MZO7IerN72w/wHzl2CA05g=
-36,-21,Ca1vQNdA9tFykm6Wd65CwyjZiRk=,/lmR7MZO7IerN72w/wHzl2CA05g=
-42,-27,Ca1vQNdA9tFykm6Wd65CwyjZiRk=,/lmR7MZO7IerN72w/wHzl2CA05g=
-35,-25,XjfvRJNNbeLqhwayldZdalzl2wk=,/lmR7MZO7IerN72w/wHzl2CA05g=
-39,-25,XjfvRJNNbeLqhwayldZdalzl2wk=,/lmR7MZO7IerN72w/wHzl2CA05g=
-39,-29,XjfvRJNNbeLqhwayldZdalzl2wk=,/lmR7MZO7IerN72w/wHzl2CA05g=
-36,-25,zAk+57nkcuzddUmVKuQVVjDv3Gc=,/lmR7MZO7IerN72w/wHzl2CA05g=
-40,-25,zAk+57nkcuzddUmVKuQVVjDv3Gc=,/lmR7MZO7IerN72w/wHzl2CA05g=
-40,-29,zAk+57nkcuzddUmVKuQVVjDv3Gc=,/lmR7MZO7IerN72w/wHzl2CA05g=
-41,-28,5Q5KAt8HpuYwWK254tV485uI5GQ=,/lmR7MZO7IerN72w/wHzl2CA05g=
-41,-26,5Q5KAt8HpuYwWK254tV485uI5GQ=,/lmR7MZO7IerN72w/wHzl2CA05g=
-35,-26,5Q5KAt8HpuYwWK254tV485uI5GQ=,/lmR7MZO7IerN72w/wHzl2CA05g=
-42,-28,5Q5KAt8HpuYwWK254tV485uI5GQ=,/lmR7MZO7IerN72w/wHzl2CA05g=
-42,-26,5Q5KAt8HpuYwWK254tV485uI5GQ=,/lmR7MZO7IerN72w/wHzl2CA05g=
-36,-26,lm8H0W03mvD371eD3ygYPNv3l94=,/lmR7MZO7IerN72w/wHzl2CA05g=
-39,-27,lm8H0W03mvD371eD3ygYPNv3l94=,/lmR7MZO7IerN72w/wHzl2CA05g=
-39,-24,lm8H0W03mvD371eD3ygYPNv3l94=,/lmR7MZO7IerN72w/wHzl2CA05g=
-40,-27,lm8H0W03mvD371eD3ygYPNv3l94=,/lmR7MZO7IerN72w/wHzl2CA05g=
-40,-24,lm8H0W03mvD371eD3ygYPNv3l94=,/lmR7MZO7IerN72w/wHzl2CA05g=
-41,-23,31b26Y7f8rIbMkKJ9dz3yzc2B8Y=,/lmR7MZO7IerN72w/wHzl2CA05g=
-39,-30,31b26Y7f8rIbMkKJ9dz3yzc2B8Y=,/lmR7MZO7IerN72w/wHzl2CA05g=
-42,-23,31b26Y7f8rIbMkKJ9dz3yzc2B8Y=,/lmR7MZO7IerN72w/wHzl2CA05g=
-40,-30,31b26Y7f8rIbMkKJ9dz3yzc2B8Y=,/lmR7MZO7IerN72w/wHzl2CA05g=
-37,-31,31b26Y7f8rIbMkKJ9dz3yzc2B8Y=,/lmR7MZO7IerN72w/wHzl2CA05g=
-39,-26,Hslyvram6iCt+Bswt0lLd6uLFh4=,/lmR7MZO7IerN72w/wHzl2CA05g=
-39,-28,Hslyvram6iCt+Bswt0lLd6uLFh4=,/lmR7MZO7IerN72w/wHzl2CA05g=
-33,-29,Hslyvram6iCt+Bswt0lLd6uLFh4=,/lmR7MZO7IerN72w/wHzl2CA05g=
-38,-31,Hslyvram6iCt+Bswt0lLd6uLFh4=,/lmR7MZO7IerN72w/wHzl2CA05g=
-40,-26,Hslyvram6iCt+Bswt0lLd6uLFh4=,/lmR7MZO7IerN72w/wHzl2CA05g=
-34,-29,Hslyvram6iCt+Bswt0lLd6uLFh4=,/lmR7MZO7IerN72w/wHzl2CA05g=
-40,-28,Hslyvram6iCt+Bswt0lLd6uLFh4=,/lmR7MZO7IerN72w/wHzl2CA05g=
-35,-31,vACwJbnw4YDaU46862NwyOOehFk=,/lmR7MZO7IerN72w/wHzl2CA05g=
-41,-24,vACwJbnw4YDaU46862NwyOOehFk=,/lmR7MZO7IerN72w/wHzl2CA05g=
-33,-27,vACwJbnw4YDaU46862NwyOOehFk=,/lmR7MZO7IerN72w/wHzl2CA05g=
-36,-31,vACwJbnw4YDaU46862NwyOOehFk=,/lmR7MZO7IerN72w/wHzl2CA05g=
-33,-23,vACwJbnw4YDaU46862NwyOOehFk=,/lmR7MZO7IerN72w/wHzl2CA05g=
-42,-24,vACwJbnw4YDaU46862NwyOOehFk=,/lmR7MZO7IerN72w/wHzl2CA05g=
-34,-27,0erNMBijKEHDRXnNxfuShgdynMo=,/lmR7MZO7IerN72w/wHzl2CA05g=
-34,-23,0erNMBijKEHDRXnNxfuShgdynMo=,/lmR7MZO7IerN72w/wHzl2CA05g=
-37,-32,0erNMBijKEHDRXnNxfuShgdynMo=,/lmR7MZO7IerN72w/wHzl2CA05g=
-33,-22,0erNMBijKEHDRXnNxfuShgdynMo=,/lmR7MZO7IerN72w/wHzl2CA05g=
-33,-30,0erNMBijKEHDRXnNxfuShgdynMo=,/lmR7MZO7IerN72w/wHzl2CA05g=
-33,-24,F7T4BhzgqsZUnR9wysGh5hRJiCY=,/lmR7MZO7IerN72w/wHzl2CA05g=
-38,-32,F7T4BhzgqsZUnR9wysGh5hRJiCY=,/lmR7MZO7IerN72w/wHzl2CA05g=
-34,-22,F7T4BhzgqsZUnR9wysGh5hRJiCY=,/lmR7MZO7IerN72w/wHzl2CA05g=
-34,-30,F7T4BhzgqsZUnR9wysGh5hRJiCY=,/lmR7MZO7IerN72w/wHzl2CA05g=
-37,-29,F7T4BhzgqsZUnR9wysGh5hRJiCY=,/lmR7MZO7IerN72w/wHzl2CA05g=
-34,-24,F7T4BhzgqsZUnR9wysGh5hRJiCY=,/lmR7MZO7IerN72w/wHzl2CA05g=
-33,-19,F7T4BhzgqsZUnR9wysGh5hRJiCY=,/lmR7MZO7IerN72w/wHzl2CA05g=
-33,-28,F7T4BhzgqsZUnR9wysGh5hRJiCY=,/lmR7MZO7IerN72w/wHzl2CA05g=
-33,-25,F7T4BhzgqsZUnR9wysGh5hRJiCY=,/lmR7MZO7IerN72w/wHzl2CA05g=
-34,-19,F7T4BhzgqsZUnR9wysGh5hRJiCY=,/lmR7MZO7IerN72w/wHzl2CA05g=
-38,-29,F7T4BhzgqsZUnR9wysGh5hRJiCY=,/lmR7MZO7IerN72w/wHzl2CA05g=
-33,-20,CBqYKbU1RxBnv+32VKs4U3uFD/w=,/lmR7MZO7IerN72w/wHzl2CA05g=
-34,-28,CBqYKbU1RxBnv+32VKs4U3uFD/w=,/lmR7MZO7IerN72w/wHzl2CA05g=
-34,-25,CBqYKbU1RxBnv+32VKs4U3uFD/w=,/lmR7MZO7IerN72w/wHzl2CA05g=
-35,-29,CBqYKbU1RxBnv+32VKs4U3uFD/w=,/lmR7MZO7IerN72w/wHzl2CA05g=
-34,-20,CBqYKbU1RxBnv+32VKs4U3uFD/w=,/lmR7MZO7IerN72w/wHzl2CA05g=
-33,-26,CBqYKbU1RxBnv+32VKs4U3uFD/w=,/lmR7MZO7IerN72w/wHzl2CA05g=
-33,-21,CBqYKbU1RxBnv+32VKs4U3uFD/w=,/lmR7MZO7IerN72w/wHzl2CA05g=
-36,-29,CBqYKbU1RxBnv+32VKs4U3uFD/w=,/lmR7MZO7IerN72w/wHzl2CA05g=
-37,-17,JpNpgbS9jlvFbPNcvbBHMiSFg/A=,/lmR7MZO7IerN72w/wHzl2CA05g=
-34,-21,JpNpgbS9jlvFbPNcvbBHMiSFg/A=,/lmR7MZO7IerN72w/wHzl2CA05g=
-34,-26,JpNpgbS9jlvFbPNcvbBHMiSFg/A=,/lmR7MZO7IerN72w/wHzl2CA05g=
-35,-27,JpNpgbS9jlvFbPNcvbBHMiSFg/A=,/lmR7MZO7IerN72w/wHzl2CA05g=
-38,-17,JpNpgbS9jlvFbPNcvbBHMiSFg/A=,/lmR7MZO7IerN72w/wHzl2CA05g=
-43,-21,JpNpgbS9jlvFbPNcvbBHMiSFg/A=,/lmR7MZO7IerN72w/wHzl2CA05g=
-41,-17,2drNCOvxJq5U8ZQhuu5w4EbBoB4=,/lmR7MZO7IerN72w/wHzl2CA05g=
-36,-27,2drNCOvxJq5U8ZQhuu5w4EbBoB4=,/lmR7MZO7IerN72w/wHzl2CA05g=
-35,-17,2drNCOvxJq5U8ZQhuu5w4EbBoB4=,/lmR7MZO7IerN72w/wHzl2CA05g=
-44,-21,2drNCOvxJq5U8ZQhuu5w4EbBoB4=,/lmR7MZO7IerN72w/wHzl2CA05g=
-42,-17,2drNCOvxJq5U8ZQhuu5w4EbBoB4=,/lmR7MZO7IerN72w/wHzl2CA05g=
-36,-17,2drNCOvxJq5U8ZQhuu5w4EbBoB4=,/lmR7MZO7IerN72w/wHzl2CA05g=
-43,-25,2drNCOvxJq5U8ZQhuu5w4EbBoB4=,/lmR7MZO7IerN72w/wHzl2CA05g=
-37,-27,2drNCOvxJq5U8ZQhuu5w4EbBoB4=,/lmR7MZO7IerN72w/wHzl2CA05g=
-41,-18,2drNCOvxJq5U8ZQhuu5w4EbBoB4=,/lmR7MZO7IerN72w/wHzl2CA05g=
-37,-18,2drNCOvxJq5U8ZQhuu5w4EbBoB4=,/lmR7MZO7IerN72w/wHzl2CA05g=
-44,-25,2drNCOvxJq5U8ZQhuu5w4EbBoB4=,/lmR7MZO7IerN72w/wHzl2CA05g=
-43,-22,2drNCOvxJq5U8ZQhuu5w4EbBoB4=,/lmR7MZO7IerN72w/wHzl2CA05g=
-44,-22,2drNCOvxJq5U8ZQhuu5w4EbBoB4=,/lmR7MZO7IerN72w/wHzl2CA05g=
-42,-18,2drNCOvxJq5U8ZQhuu5w4EbBoB4=,/lmR7MZO7IerN72w/wHzl2CA05g=
-38,-27,2drNCOvxJq5U8ZQhuu5w4EbBoB4=,/lmR7MZO7IerN72w/wHzl2CA05g=
-38,-18,2drNCOvxJq5U8ZQhuu5w4EbBoB4=,/lmR7MZO7IerN72w/wHzl2CA05g=
-43,-26,2drNCOvxJq5U8ZQhuu5w4EbBoB4=,/lmR7MZO7IerN72w/wHzl2CA05g=
-35,-18,2drNCOvxJq5U8ZQhuu5w4EbBoB4=,/lmR7MZO7IerN72w/wHzl2CA05g=
-44,-26,2drNCOvxJq5U8ZQhuu5w4EbBoB4=,/lmR7MZO7IerN72w/wHzl2CA05g=
-39,-17,2drNCOvxJq5U8ZQhuu5w4EbBoB4=,/lmR7MZO7IerN72w/wHzl2CA05g=
-35,-32,2drNCOvxJq5U8ZQhuu5w4EbBoB4=,/lmR7MZO7IerN72w/wHzl2CA05g=
-36,-18,2drNCOvxJq5U8ZQhuu5w4EbBoB4=,/lmR7MZO7IerN72w/wHzl2CA05g=
-43,-23,2drNCOvxJq5U8ZQhuu5w4EbBoB4=,/lmR7MZO7IerN72w/wHzl2CA05g=
-43,-17,2drNCOvxJq5U8ZQhuu5w4EbBoB4=,/lmR7MZO7IerN72w/wHzl2CA05g=
-44,-23,2drNCOvxJq5U8ZQhuu5w4EbBoB4=,/lmR7MZO7IerN72w/wHzl2CA05g=
-43,-19,zKDl1kg3jOwoTGT5RNI21zf+7YM=,/lmR7MZO7IerN72w/wHzl2CA05g=
-40,-17,zKDl1kg3jOwoTGT5RNI21zf+7YM=,/lmR7MZO7IerN72w/wHzl2CA05g=
-44,-17,zKDl1kg3jOwoTGT5RNI21zf+7YM=,/lmR7MZO7IerN72w/wHzl2CA05g=
-36,-32,zKDl1kg3jOwoTGT5RNI21zf+7YM=,/lmR7MZO7IerN72w/wHzl2CA05g=
-43,-18,zKDl1kg3jOwoTGT5RNI21zf+7YM=,/lmR7MZO7IerN72w/wHzl2CA05g=
-44,-19,zKDl1kg3jOwoTGT5RNI21zf+7YM=,/lmR7MZO7IerN72w/wHzl2CA05g=
-44,-18,zKDl1kg3jOwoTGT5RNI21zf+7YM=,/lmR7MZO7IerN72w/wHzl2CA05g=
-39,-18,zKDl1kg3jOwoTGT5RNI21zf+7YM=,/lmR7MZO7IerN72w/wHzl2CA05g=
-37,-30,zKDl1kg3jOwoTGT5RNI21zf+7YM=,/lmR7MZO7IerN72w/wHzl2CA05g=
-43,-24,zKDl1kg3jOwoTGT5RNI21zf+7YM=,/lmR7MZO7IerN72w/wHzl2CA05g=
-40,-18,zKDl1kg3jOwoTGT5RNI21zf+7YM=,/lmR7MZO7IerN72w/wHzl2CA05g=
-33,-31,zKDl1kg3jOwoTGT5RNI21zf+7YM=,/lmR7MZO7IerN72w/wHzl2CA05g=
-38,-30,zKDl1kg3jOwoTGT5RNI21zf+7YM=,/lmR7MZO7IerN72w/wHzl2CA05g=
-44,-24,zKDl1kg3jOwoTGT5RNI21zf+7YM=,/lmR7MZO7IerN72w/wHzl2CA05g=
-43,-29,zKDl1kg3jOwoTGT5RNI21zf+7YM=,/lmR7MZO7IerN72w/wHzl2CA05g=
-43,-20,zKDl1kg3jOwoTGT5RNI21zf+7YM=,/lmR7MZO7IerN72w/wHzl2CA05g=
-44,-29,zKDl1kg3jOwoTGT5RNI21zf+7YM=,/lmR7MZO7IerN72w/wHzl2CA05g=
-44,-20,zKDl1kg3jOwoTGT5RNI21zf+7YM=,/lmR7MZO7IerN72w/wHzl2CA05g=
-43,-30,bt2VptLQ0MN5XmyHOevoLRvCAEM=,/lmR7MZO7IerN72w/wHzl2CA05g=
-34,-31,bt2VptLQ0MN5XmyHOevoLRvCAEM=,/lmR7MZO7IerN72w/wHzl2CA05g=
-39,-31,bt2VptLQ0MN5XmyHOevoLRvCAEM=,/lmR7MZO7IerN72w/wHzl2CA05g=
-37,-28,bt2VptLQ0MN5XmyHOevoLRvCAEM=,/lmR7MZO7IerN72w/wHzl2CA05g=
-44,-30,bt2VptLQ0MN5XmyHOevoLRvCAEM=,/lmR7MZO7IerN72w/wHzl2CA05g=
-43,-27,bt2VptLQ0MN5XmyHOevoLRvCAEM=,/lmR7MZO7IerN72w/wHzl2CA05g=
-44,-27,bt2VptLQ0MN5XmyHOevoLRvCAEM=,/lmR7MZO7IerN72w/wHzl2CA05g=
-33,-32,bt2VptLQ0MN5XmyHOevoLRvCAEM=,/lmR7MZO7IerN72w/wHzl2CA05g=
-40,-31,bt2VptLQ0MN5XmyHOevoLRvCAEM=,/lmR7MZO7IerN72w/wHzl2CA05g=
-38,-28,bt2VptLQ0MN5XmyHOevoLRvCAEM=,/lmR7MZO7IerN72w/wHzl2CA05g=
-43,-28,bt2VptLQ0MN5XmyHOevoLRvCAEM=,/lmR7MZO7IerN72w/wHzl2CA05g=
-44,-28,bt2VptLQ0MN5XmyHOevoLRvCAEM=,/lmR7MZO7IerN72w/wHzl2CA05g=
-43,-31,xfLxViPJKqkutyriyjbL01jjC0I=,/lmR7MZO7IerN72w/wHzl2CA05g=
-35,-28,xfLxViPJKqkutyriyjbL01jjC0I=,/lmR7MZO7IerN72w/wHzl2CA05g=
-41,-31,xfLxViPJKqkutyriyjbL01jjC0I=,/lmR7MZO7IerN72w/wHzl2CA05g=
-34,-32,xfLxViPJKqkutyriyjbL01jjC0I=,/lmR7MZO7IerN72w/wHzl2CA05g=
-44,-31,xfLxViPJKqkutyriyjbL01jjC0I=,/lmR7MZO7IerN72w/wHzl2CA05g=
-42,-31,xfLxViPJKqkutyriyjbL01jjC0I=,/lmR7MZO7IerN72w/wHzl2CA05g=
-43,-32,xfLxViPJKqkutyriyjbL01jjC0I=,/lmR7MZO7IerN72w/wHzl2CA05g=
-44,-32,xfLxViPJKqkutyriyjbL01jjC0I=,/lmR7MZO7IerN72w/wHzl2CA05g=
-36,-28,xfLxViPJKqkutyriyjbL01jjC0I=,/lmR7MZO7IerN72w/wHzl2CA05g=
-41,-32,xfLxViPJKqkutyriyjbL01jjC0I=,/lmR7MZO7IerN72w/wHzl2CA05g=
-33,-17,xfLxViPJKqkutyriyjbL01jjC0I=,/lmR7MZO7IerN72w/wHzl2CA05g=
-42,-32,xfLxViPJKqkutyriyjbL01jjC0I=,/lmR7MZO7IerN72w/wHzl2CA05g=
-34,-17,xfLxViPJKqkutyriyjbL01jjC0I=,/lmR7MZO7IerN72w/wHzl2CA05g=
-35,-30,FxG9wwV+H2BArhCsXDr5Vi2phM0=,/lmR7MZO7IerN72w/wHzl2CA05g=
-33,-18,FxG9wwV+H2BArhCsXDr5Vi2phM0=,/lmR7MZO7IerN72w/wHzl2CA05g=
-39,-32,FxG9wwV+H2BArhCsXDr5Vi2phM0=,/lmR7MZO7IerN72w/wHzl2CA05g=
-34,-18,FxG9wwV+H2BArhCsXDr5Vi2phM0=,/lmR7MZO7IerN72w/wHzl2CA05g=
-40,-32,FxG9wwV+H2BArhCsXDr5Vi2phM0=,/lmR7MZO7IerN72w/wHzl2CA05g=
-36,-30,FxG9wwV+H2BArhCsXDr5Vi2phM0=,/lmR7MZO7IerN72w/wHzl2CA05g=
