19,-41,6+KgiEBjr78zUKqtCHmtGRw6PiA=,/lmR7MZO7IerN72w/wHzl2CA05g=
18,-41,6+KgiEBjr78zUKqtCHmtGRw6PiA=,/lmR7MZO7IerN72w/wHzl2CA05g=
19,-39,Q0fiJw9Ei7b6EcDT1OlHMPb2Z7o=,/lmR7MZO7IerN72w/wHzl2CA05g=
18,-39,Q0fiJw9Ei7b6EcDT1OlHMPb2Z7o=,/lmR7MZO7IerN72w/wHzl2CA05g=
21,-41,Q0fiJw9Ei7b6EcDT1OlHMPb2Z7o=,/lmR7MZO7IerN72w/wHzl2CA05g=
20,-41,Q0fiJw9Ei7b6EcDT1OlHMPb2Z7o=,/lmR7MZO7IerN72w/wHzl2CA05g=
21,-42,Q0fiJw9Ei7b6EcDT1OlHMPb2Z7o=,/lmR7MZO7IerN72w/wHzl2CA05g=
20,-42,Q0fiJw9Ei7b6EcDT1OlHMPb2Z7o=,/lmR7MZO7IerN72w/wHzl2CA05g=
19,-42,Q0fiJw9Ei7b6EcDT1OlHMPb2Z7o=,/lmR7MZO7IerN72w/wHzl2CA05g=
18,-42,Q0fiJw9Ei7b6EcDT1OlHMPb2Z7o=,/lmR7MZO7IerN72w/wHzl2CA05g=
19,-40,Q0fiJw9Ei7b6EcDT1OlHMPb2Z7o=,/lmR7MZO7IerN72w/wHzl2CA05g=
18,-40,t4f3W/rvXFHxYsBQqY2VDx1VKMU=,/lmR7MZO7IerN72w/wHzl2CA05g=
21,-39,t4f3W/rvXFHxYsBQqY2VDx1VKMU=,/lmR7MZO7IerN72w/wHzl2CA05g=
20,-39,LNtytLy8aoCirPrZSOF5Bie/PHo=,/lmR7MZO7IerN72w/wHzl2CA05g=
21,-40,LNtytLy8aoCirPrZSOF5Bie/PHo=,/lmR7MZO7IerN72w/wHzl2CA05g=
23,-37,LNtytLy8aoCirPrZSOF5Bie/PHo=,/lmR7MZO7IerN72w/wHzl2CA05g=
23,-41,LNtytLy8aoCirPrZSOF5Bie/PHo=,/lmR7MZO7IerN72w/wHzl2CA05g=
27,-41,LNtytLy8aoCirPrZSOF5Bie/PHo=,/lmR7MZO7IerN72w/wHzl2CA05g=
22,-41,LNtytLy8aoCirPrZSOF5Bie/PHo=,/lmR7MZO7IerN72w/wHzl2CA05g=
20,-40,LNtytLy8aoCirPrZSOF5Bie/PHo=,/lmR7MZO7IerN72w/wHzl2CA05g=
22,-37,LNtytLy8aoCirPrZSOF5Bie/PHo=,/lmR7MZO7IerN72w/wHzl2CA05g=
26,-41,LNtytLy8aoCirPrZSOF5Bie/PHo=,/lmR7MZO7IerN72w/wHzl2CA05g=
31,-42,LNtytLy8aoCirPrZSOF5Bie/PHo=,/lmR7MZO7IerN72w/wHzl2CA05g=
25,-41,LNtytLy8aoCirPrZSOF5Bie/PHo=,/lmR7MZO7IerN72w/wHzl2CA05g=
25,-37,LNtytLy8aoCirPrZSOF5Bie/PHo=,/lmR7MZO7IerN72w/wHzl2CA05g=
27,-42,LNtytLy8aoCirPrZSOF5Bie/PHo=,/lmR7MZO7IerN72w/wHzl2CA05g=
30,-42,LNtytLy8aoCirPrZSOF5Bie/PHo=,/lmR7MZO7IerN72w/wHzl2CA05g=
24,-41,iTwnGWhx0H0VOZl6YYlfaYYD5ao=,/lmR7MZO7IerN72w/wHzl2CA05g=
24,-37,iTwnGWhx0H0VOZl6YYlfaYYD5ao=,/lmR7MZO7IerN72w/wHzl2CA05g=
26,-42,iTwnGWhx0H0VOZl6YYlfaYYD5ao=,/lmR7MZO7IerN72w/wHzl2CA05g=
31,-39,iTwnGWhx0H0VOZl6YYlfaYYD5ao=,/lmR7MZO7IerN72w/wHzl2CA05g=
23,-42,iTwnGWhx0H0VOZl6YYlfaYYD5ao=,/lmR7MZO7IerN72w/wHzl2CA05g=
29,-42,iTwnGWhx0H0VOZl6YYlfaYYD5ao=,/lmR7MZO7IerN72w/wHzl2CA05g=
30,-39,iTwnGWhx0H0VOZl6YYlfaYYD5ao=,/lmR7MZO7IerN72w/wHzl2CA05g=
23,-38,iTwnGWhx0H0VOZl6YYlfaYYD5ao=,/lmR7MZO7IerN72w/wHzl2CA05g=
22,-42,iTwnGWhx0H0VOZl6YYlfaYYD5ao=,/lmR7MZO7IerN72w/wHzl2CA05g=
28,-42,iTwnGWhx0H0VOZl6YYlfaYYD5ao=,/lmR7MZO7IerN72w/wHzl2CA05g=
31,-41,iTwnGWhx0H0VOZl6YYlfaYYD5ao=,/lmR7MZO7IerN72w/wHzl2CA05g=
25,-42,iTwnGWhx0H0VOZl6YYlfaYYD5ao=,/lmR7MZO7IerN72w/wHzl2CA05g=
30,-41,iTwnGWhx0H0VOZl6YYlfaYYD5ao=,/lmR7MZO7IerN72w/wHzl2CA05g=
24,-42,iTwnGWhx0H0VOZl6YYlfaYYD5ao=,/lmR7MZO7IerN72w/wHzl2CA05g=
22,-38,iTwnGWhx0H0VOZl6YYlfaYYD5ao=,/lmR7MZO7IerN72w/wHzl2CA05g=
27,-39,iTwnGWhx0H0VOZl6YYlfaYYD5ao=,/lmR7MZO7IerN72w/wHzl2CA05g=
31,-40,iTwnGWhx0H0VOZl6YYlfaYYD5ao=,/lmR7MZO7IerN72w/wHzl2CA05g=
25,-39,iTwnGWhx0H0VOZl6YYlfaYYD5ao=,/lmR7MZO7IerN72w/wHzl2CA05g=
30,-40,iTwnGWhx0H0VOZl6YYlfaYYD5ao=,/lmR7MZO7IerN72w/wHzl2CA05g=
25,-38,iTwnGWhx0H0VOZl6YYlfaYYD5ao=,/lmR7MZO7IerN72w/wHzl2CA05g=
26,-39,iTwnGWhx0H0VOZl6YYlfaYYD5ao=,/lmR7MZO7IerN72w/wHzl2CA05g=
24,-39,iTwnGWhx0H0VOZl6YYlfaYYD5ao=,/lmR7MZO7IerN72w/wHzl2CA05g=
27,-37,iTwnGWhx0H0VOZl6YYlfaYYD5ao=,/lmR7MZO7IerN72w/wHzl2CA05g=
24,-38,iTwnGWhx0H0VOZl6YYlfaYYD5ao=,/lmR7MZO7IerN72w/wHzl2CA05g=
29,-39,iTwnGWhx0H0VOZl6YYlfaYYD5ao=,/lmR7MZO7IerN72w/wHzl2CA05g=
26,-37,iTwnGWhx0H0VOZl6YYlfaYYD5ao=,/lmR7MZO7IerN72w/wHzl2CA05g=
25,-35,iTwnGWhx0H0VOZl6YYlfaYYD5ao=,/lmR7MZO7IerN72w/wHzl2CA05g=
23,-39,iTwnGWhx0H0VOZl6YYlfaYYD5ao=,/lmR7MZO7IerN72w/wHzl2CA05g=
28,-39,iTwnGWhx0H0VOZl6YYlfaYYD5ao=,/lmR7MZO7IerN72w/wHzl2CA05g=
29,-41,iTwnGWhx0H0VOZl6YYlfaYYD5ao=,/lmR7MZO7IerN72w/wHzl2CA05g=
29,-38,iTwnGWhx0H0VOZl6YYlfaYYD5ao=,/lmR7MZO7IerN72w/wHzl2CA05g=
22,-39,V5vGS93wcN9LwqzKpuKUP1PBvg4=,/lmR7MZO7IerN72w/wHzl2CA05g=
28,-41,V5vGS93wcN9LwqzKpuKUP1PBvg4=,/lmR7MZO7IerN72w/wHzl2CA05g=
24,-35,V5vGS93wcN9LwqzKpuKUP1PBvg4=,/lmR7MZO7IerN72w/wHzl2CA05g=
28,-38,V5vGS93wcN9LwqzKpuKUP1PBvg4=,/lmR7MZO7IerN72w/wHzl2CA05g=
29,-40,V5vGS93wcN9LwqzKpuKUP1PBvg4=,/lmR7MZO7IerN72w/wHzl2CA05g=
23,-40,V5vGS93wcN9LwqzKpuKUP1PBvg4=,/lmR7MZO7IerN72w/wHzl2CA05g=
23,-35,V5vGS93wcN9LwqzKpuKUP1PBvg4=,/lmR7MZO7IerN72w/wHzl2CA05g=
28,-40,V5vGS93wcN9LwqzKpuKUP1PBvg4=,/lmR7MZO7IerN72w/wHzl2CA05g=
27,-38,V5vGS93wcN9LwqzKpuKUP1PBvg4=,/lmR7MZO7IerN72w/wHzl2CA05g=
22,-40,V5vGS93wcN9LwqzKpuKUP1PBvg4=,/lmR7MZO7IerN72w/wHzl2CA05g=
22,-35,Cav6US3ncoM50scx3lJKwTtaD/w=,/lmR7MZO7IerN72w/wHzl2CA05g=
27,-40,Cav6US3ncoM50scx3lJKwTtaD/w=,/lmR7MZO7IerN72w/wHzl2CA05g=
26,-38,Cav6US3ncoM50scx3lJKwTtaD/w=,/lmR7MZO7IerN72w/wHzl2CA05g=
25,-40,Cav6US3ncoM50scx3lJKwTtaD/w=,/lmR7MZO7IerN72w/wHzl2CA05g=
27,-35,Cav6US3ncoM50scx3lJKwTtaD/w=,/lmR7MZO7IerN72w/wHzl2CA05g=
23,-36,Cav6US3ncoM50scx3lJKwTtaD/w=,/lmR7MZO7IerN72w/wHzl2CA05g=
26,-40,Cav6US3ncoM50scx3lJKwTtaD/w=,/lmR7MZO7IerN72w/wHzl2CA05g=
24,-40,Cav6US3ncoM50scx3lJKwTtaD/w=,/lmR7MZO7IerN72w/wHzl2CA05g=
22,-36,Cav6US3ncoM50scx3lJKwTtaD/w=,/lmR7MZO7IerN72w/wHzl2CA05g=
26,-35,Cav6US3ncoM50scx3lJKwTtaD/w=,/lmR7MZO7IerN72w/wHzl2CA05g=
31,-38,Cav6US3ncoM50scx3lJKwTtaD/w=,/lmR7MZO7IerN72w/wHzl2CA05g=
27,-33,Cav6US3ncoM50scx3lJKwTtaD/w=,/lmR7MZO7IerN72w/wHzl2CA05g=
27,-36,Cav6US3ncoM50scx3lJKwTtaD/w=,/lmR7MZO7IerN72w/wHzl2CA05g=
30,-38,Cav6US3ncoM50scx3lJKwTtaD/w=,/lmR7MZO7IerN72w/wHzl2CA05g=
25,-36,Cav6US3ncoM50scx3lJKwTtaD/w=,/lmR7MZO7IerN72w/wHzl2CA05g=
26,-33,Cav6US3ncoM50scx3lJKwTtaD/w=,/lmR7MZO7IerN72w/wHzl2CA05g=
26,-36,Cav6US3ncoM50scx3lJKwTtaD/w=,/lmR7MZO7IerN72w/wHzl2CA05g=
31,-35,Cav6US3ncoM50scx3lJKwTtaD/w=,/lmR7MZO7IerN72w/wHzl2CA05g=
27,-34,Cav6US3ncoM50scx3lJKwTtaD/w=,/lmR7MZO7IerN72w/wHzl2CA05g=
29,-36,Cav6US3ncoM50scx3lJKwTtaD/w=,/lmR7MZO7IerN72w/wHzl2CA05g=
26,-34,Cav6US3ncoM50scx3lJKwTtaD/w=,/lmR7MZO7IerN72w/wHzl2CA05g=
30,-35,Cav6US3ncoM50scx3lJKwTtaD/w=,/lmR7MZO7IerN72w/wHzl2CA05g=
24,-36,Cav6US3ncoM50scx3lJKwTtaD/w=,/lmR7MZO7IerN72w/wHzl2CA05g=
28,-36,Cav6US3ncoM50scx3lJKwTtaD/w=,/lmR7MZO7IerN72w/wHzl2CA05g=
29,-34,G4MiACUm0tF4Z66kjhHkJDbLbqs=,/lmR7MZO7IerN72w/wHzl2CA05g=
31,-36,G4MiACUm0tF4Z66kjhHkJDbLbqs=,/lmR7MZO7IerN72w/wHzl2CA05g=
29,-37,G4MiACUm0tF4Z66kjhHkJDbLbqs=,/lmR7MZO7IerN72w/wHzl2CA05g=
28,-34,G4MiACUm0tF4Z66kjhHkJDbLbqs=,/lmR7MZO7IerN72w/wHzl2CA05g=
30,-36,G4MiACUm0tF4Z66kjhHkJDbLbqs=,/lmR7MZO7IerN72w/wHzl2CA05g=
28,-37,G4MiACUm0tF4Z66kjhHkJDbLbqs=,/lmR7MZO7IerN72w/wHzl2CA05g=
29,-33,G4MiACUm0tF4Z66kjhHkJDbLbqs=,/lmR7MZO7IerN72w/wHzl2CA05g=
31,-37,G4MiACUm0tF4Z66kjhHkJDbLbqs=,/lmR7MZO7IerN72w/wHzl2CA05g=
29,-35,G4MiACUm0tF4Z66kjhHkJDbLbqs=,/lmR7MZO7IerN72w/wHzl2CA05g=
28,-33,G4MiACUm0tF4Z66kjhHkJDbLbqs=,/lmR7MZO7IerN72w/wHzl2CA05g=
30,-37,G4MiACUm0tF4Z66kjhHkJDbLbqs=,/lmR7MZO7IerN72w/wHzl2CA05g=
28,-35,G4MiACUm0tF4Z66kjhHkJDbLbqs=,/lmR7MZO7IerN72w/wHzl2CA05g=
23,-33,k+OH88/TOlEfbnsZnjMTkmVbRCg=,/lmR7MZO7IerN72w/wHzl2CA05g=
22,-33,Hnwt+uO/XJp+dzam2xM1fMl/jyk=,/lmR7MZO7IerN72w/wHzl2CA05g=
23,-34,Hnwt+uO/XJp+dzam2xM1fMl/jyk=,/lmR7MZO7IerN72w/wHzl2CA05g=
31,-43,Hnwt+uO/XJp+dzam2xM1fMl/jyk=,/lmR7MZO7IerN72w/wHzl2CA05g=
30,-43,jFLYgGgmT4onw8QyBC1+VFx7PV0=,/lmR7MZO7IerN72w/wHzl2CA05g=
22,-34,LtsV4Y4/zd+oCTKfQrVeyS0/8Bg=,/lmR7MZO7IerN72w/wHzl2CA05g=
17,-41,LtsV4Y4/zd+oCTKfQrVeyS0/8Bg=,/lmR7MZO7IerN72w/wHzl2CA05g=
31,-44,LtsV4Y4/zd+oCTKfQrVeyS0/8Bg=,/lmR7MZO7IerN72w/wHzl2CA05g=
25,-33,LtsV4Y4/zd+oCTKfQrVeyS0/8Bg=,/lmR7MZO7IerN72w/wHzl2CA05g=
30,-44,LtsV4Y4/zd+oCTKfQrVeyS0/8Bg=,/lmR7MZO7IerN72w/wHzl2CA05g=
24,-33,LtsV4Y4/zd+oCTKfQrVeyS0/8Bg=,/lmR7MZO7IerN72w/wHzl2CA05g=
16,-41,LtsV4Y4/zd+oCTKfQrVeyS0/8Bg=,/lmR7MZO7IerN72w/wHzl2CA05g=
31,-34,LtsV4Y4/zd+oCTKfQrVeyS0/8Bg=,/lmR7MZO7IerN72w/wHzl2CA05g=
25,-34,LtsV4Y4/zd+oCTKfQrVeyS0/8Bg=,/lmR7MZO7IerN72w/wHzl2CA05g=
30,-34,LtsV4Y4/zd+oCTKfQrVeyS0/8Bg=,/lmR7MZO7IerN72w/wHzl2CA05g=
31,-33,LtsV4Y4/zd+oCTKfQrVeyS0/8Bg=,/lmR7MZO7IerN72w/wHzl2CA05g=
17,-39,MzBFX5EfYQ5SCsROts3msmuYQvo=,/lmR7MZO7IerN72w/wHzl2CA05g=
24,-34,MzBFX5EfYQ5SCsROts3msmuYQvo=,/lmR7MZO7IerN72w/wHzl2CA05g=
19,-33,MzBFX5EfYQ5SCsROts3msmuYQvo=,/lmR7MZO7IerN72w/wHzl2CA05g=
30,-33,MzBFX5EfYQ5SCsROts3msmuYQvo=,/lmR7MZO7IerN72w/wHzl2CA05g=
19,-43,MzBFX5EfYQ5SCsROts3msmuYQvo=,/lmR7MZO7IerN72w/wHzl2CA05g=
23,-43,MzBFX5EfYQ5SCsROts3msmuYQvo=,/lmR7MZO7IerN72w/wHzl2CA05g=
16,-39,MzBFX5EfYQ5SCsROts3msmuYQvo=,/lmR7MZO7IerN72w/wHzl2CA05g=
18,-43,MzBFX5EfYQ5SCsROts3msmuYQvo=,/lmR7MZO7IerN72w/wHzl2CA05g=
18,-33,MzBFX5EfYQ5SCsROts3msmuYQvo=,/lmR7MZO7IerN72w/wHzl2CA05g=
22,-43,MzBFX5EfYQ5SCsROts3msmuYQvo=,/lmR7MZO7IerN72w/wHzl2CA05g=
17,-42,MzBFX5EfYQ5SCsROts3msmuYQvo=,/lmR7MZO7IerN72w/wHzl2CA05g=
21,-43,MzBFX5EfYQ5SCsROts3msmuYQvo=,/lmR7MZO7IerN72w/wHzl2CA05g=
29,-43,MzBFX5EfYQ5SCsROts3msmuYQvo=,/lmR7MZO7IerN72w/wHzl2CA05g=
16,-42,MzBFX5EfYQ5SCsROts3msmuYQvo=,/lmR7MZO7IerN72w/wHzl2CA05g=
19,-37,MzBFX5EfYQ5SCsROts3msmuYQvo=,/lmR7MZO7IerN72w/wHzl2CA05g=
20,-43,MzBFX5EfYQ5SCsROts3msmuYQvo=,/lmR7MZO7IerN72w/wHzl2CA05g=
28,-43,MzBFX5EfYQ5SCsROts3msmuYQvo=,/lmR7MZO7IerN72w/wHzl2CA05g=
19,-44,MzBFX5EfYQ5SCsROts3msmuYQvo=,/lmR7MZO7IerN72w/wHzl2CA05g=
27,-43,MzBFX5EfYQ5SCsROts3msmuYQvo=,/lmR7MZO7IerN72w/wHzl2CA05g=
18,-44,MzBFX5EfYQ5SCsROts3msmuYQvo=,/lmR7MZO7IerN72w/wHzl2CA05g=
18,-37,MzBFX5EfYQ5SCsROts3msmuYQvo=,/lmR7MZO7IerN72w/wHzl2CA05g=
26,-43,MzBFX5EfYQ5SCsROts3msmuYQvo=,/lmR7MZO7IerN72w/wHzl2CA05g=
17,-40,MzBFX5EfYQ5SCsROts3msmuYQvo=,/lmR7MZO7IerN72w/wHzl2CA05g=
21,-44,MzBFX5EfYQ5SCsROts3msmuYQvo=,/lmR7MZO7IerN72w/wHzl2CA05g=
23,-44,MzBFX5EfYQ5SCsROts3msmuYQvo=,/lmR7MZO7IerN72w/wHzl2CA05g=
22,-44,MzBFX5EfYQ5SCsROts3msmuYQvo=,/lmR7MZO7IerN72w/wHzl2CA05g=
20,-44,MzBFX5EfYQ5SCsROts3msmuYQvo=,/lmR7MZO7IerN72w/wHzl2CA05g=
17,-43,MzBFX5EfYQ5SCsROts3msmuYQvo=,/lmR7MZO7IerN72w/wHzl2CA05g=
25,-43,MzBFX5EfYQ5SCsROts3msmuYQvo=,/lmR7MZO7IerN72w/wHzl2CA05g=
16,-40,MzBFX5EfYQ5SCsROts3msmuYQvo=,/lmR7MZO7IerN72w/wHzl2CA05g=
17,-37,MzBFX5EfYQ5SCsROts3msmuYQvo=,/lmR7MZO7IerN72w/wHzl2CA05g=
16,-43,xY5WSNC+MUrvO4cfV9JDBqyApCE=,/lmR7MZO7IerN72w/wHzl2CA05g=
24,-43,xY5WSNC+MUrvO4cfV9JDBqyApCE=,/lmR7MZO7IerN72w/wHzl2CA05g=
17,-44,xY5WSNC+MUrvO4cfV9JDBqyApCE=,/lmR7MZO7IerN72w/wHzl2CA05g=
27,-44,xY5WSNC+MUrvO4cfV9JDBqyApCE=,/lmR7MZO7IerN72w/wHzl2CA05g=
16,-44,xY5WSNC+MUrvO4cfV9JDBqyApCE=,/lmR7MZO7IerN72w/wHzl2CA05g=
26,-44,xY5WSNC+MUrvO4cfV9JDBqyApCE=,/lmR7MZO7IerN72w/wHzl2CA05g=
29,-44,xY5WSNC+MUrvO4cfV9JDBqyApCE=,/lmR7MZO7IerN72w/wHzl2CA05g=
16,-37,xY5WSNC+MUrvO4cfV9JDBqyApCE=,/lmR7MZO7IerN72w/wHzl2CA05g=
28,-44,xY5WSNC+MUrvO4cfV9JDBqyApCE=,/lmR7MZO7IerN72w/wHzl2CA05g=
25,-44,xY5WSNC+MUrvO4cfV9JDBqyApCE=,/lmR7MZO7IerN72w/wHzl2CA05g=
24,-44,xY5WSNC+MUrvO4cfV9JDBqyApCE=,/lmR7MZO7IerN72w/wHzl2CA05g=
21,-33,xY5WSNC+MUrvO4cfV9JDBqyApCE=,/lmR7MZO7IerN72w/wHzl2CA05g=
21,-37,xY5WSNC+MUrvO4cfV9JDBqyApCE=,/lmR7MZO7IerN72w/wHzl2CA05g=
20,-33,xY5WSNC+MUrvO4cfV9JDBqyApCE=,/lmR7MZO7IerN72w/wHzl2CA05g=
19,-38,xY5WSNC+MUrvO4cfV9JDBqyApCE=,/lmR7MZO7IerN72w/wHzl2CA05g=
18,-38,xY5WSNC+MUrvO4cfV9JDBqyApCE=,/lmR7MZO7IerN72w/wHzl2CA05g=
20,-37,KDdsE8dY2ChVohSp54Jlv4y5LJE=,/lmR7MZO7IerN72w/wHzl2CA05g=
17,-33,KDdsE8dY2ChVohSp54Jlv4y5LJE=,/lmR7MZO7IerN72w/wHzl2CA05g=
16,-33,KDdsE8dY2ChVohSp54Jlv4y5LJE=,/lmR7MZO7IerN72w/wHzl2CA05g=
19,-34,KDdsE8dY2ChVohSp54Jlv4y5LJE=,/lmR7MZO7IerN72w/wHzl2CA05g=
18,-34,KDdsE8dY2ChVohSp54Jlv4y5LJE=,/lmR7MZO7IerN72w/wHzl2CA05g=
17,-34,4mEdi4TXWSSqC7VaYwE8ScbUX4A=,/lmR7MZO7IerN72w/wHzl2CA05g=
16,-34,4mEdi4TXWSSqC7VaYwE8ScbUX4A=,/lmR7MZO7IerN72w/wHzl2CA05g=
17,-38,4mEdi4TXWSSqC7VaYwE8ScbUX4A=,/lmR7MZO7IerN72w/wHzl2CA05g=
16,-38,4mEdi4TXWSSqC7VaYwE8ScbUX4A=,/lmR7MZO7IerN72w/wHzl2CA05g=
21,-34,4mEdi4TXWSSqC7VaYwE8ScbUX4A=,/lmR7MZO7IerN72w/wHzl2CA05g=
20,-34,WWuchA6adIyTd6BJWsy0IrKC8aw=,/lmR7MZO7IerN72w/wHzl2CA05g=
19,-35,WWuchA6adIyTd6BJWsy0IrKC8aw=,/lmR7MZO7IerN72w/wHzl2CA05g=
18,-35,WWuchA6adIyTd6BJWsy0IrKC8aw=,/lmR7MZO7IerN72w/wHzl2CA05g=
21,-38,WWuchA6adIyTd6BJWsy0IrKC8aw=,/lmR7MZO7IerN72w/wHzl2CA05g=
20,-38,WWuchA6adIyTd6BJWsy0IrKC8aw=,/lmR7MZO7IerN72w/wHzl2CA05g=
21,-35,WWuchA6adIyTd6BJWsy0IrKC8aw=,/lmR7MZO7IerN72w/wHzl2CA05g=
20,-35,tT9SEq+n1HKQ8hOm4LI0MB7dAyg=,/lmR7MZO7IerN72w/wHzl2CA05g=
17,-35,tT9SEq+n1HKQ8hOm4LI0MB7dAyg=,/lmR7MZO7IerN72w/wHzl2CA05g=
16,-35,tT9SEq+n1HKQ8hOm4LI0MB7dAyg=,/lmR7MZO7IerN72w/wHzl2CA05g=
21,-36,tT9SEq+n1HKQ8hOm4LI0MB7dAyg=,/lmR7MZO7IerN72w/wHzl2CA05g=
20,-36,tT9SEq+n1HKQ8hOm4LI0MB7dAyg=,/lmR7MZO7IerN72w/wHzl2CA05g=
19,-36,tT9SEq+n1HKQ8hOm4LI0MB7dAyg=,/lmR7MZO7IerN72w/wHzl2CA05g=
18,-36,8noEECCgtkCaTqG7rh2OmX7s6B0=,/lmR7MZO7IerN72w/wHzl2CA05g=
17,-36,8noEECCgtkCaTqG7rh2OmX7s6B0=,/lmR7MZO7IerN72w/wHzl2CA05g=
16,-36,8noEECCgtkCaTqG7rh2OmX7s6B0=,/lmR7MZO7IerN72w/wHzl2CA05g=
11,-35,vmczSmE6s5UbQ+VP6MQWgxN0/zM=,/lmR7MZO7IerN72w/wHzl2CA05g=
10,-35,XiRPfG6PUzy4BGKhx2Ash1uRhcA=,/lmR7MZO7IerN72w/wHzl2CA05g=
11,-36,XiRPfG6PUzy4BGKhx2Ash1uRhcA=,/lmR7MZO7IerN72w/wHzl2CA05g=
10,-36,XiRPfG6PUzy4BGKhx2Ash1uRhcA=,/lmR7MZO7IerN72w/wHzl2CA05g=
11,-37,XiRPfG6PUzy4BGKhx2Ash1uRhcA=,/lmR7MZO7IerN72w/wHzl2CA05g=
10,-37,7Qv+F7NihYpnO8Ycx8VghyPfZ5c=,/lmR7MZO7IerN72w/wHzl2CA05g=
13,-37,7Qv+F7NihYpnO8Ycx8VghyPfZ5c=,/lmR7MZO7IerN72w/wHzl2CA05g=
12,-37,52rNU2tvx3KW2U7VN/Spr31zlY8=,/lmR7MZO7IerN72w/wHzl2CA05g=
11,-39,52rNU2tvx3KW2U7VN/Spr31zlY8=,/lmR7MZO7IerN72w/wHzl2CA05g=
13,-38,vW8P8r6U6ua/9zveH1Sg9i50Iuw=,/lmR7MZO7IerN72w/wHzl2CA05g=
10,-39,vW8P8r6U6ua/9zveH1Sg9i50Iuw=,/lmR7MZO7IerN72w/wHzl2CA05g=
12,-38,vW8P8r6U6ua/9zveH1Sg9i50Iuw=,/lmR7MZO7IerN72w/wHzl2CA05g=
11,-41,vW8P8r6U6ua/9zveH1Sg9i50Iuw=,/lmR7MZO7IerN72w/wHzl2CA05g=
11,-38,26HR2XFFgJeHssjeg58V2XYGFNU=,/lmR7MZO7IerN72w/wHzl2CA05g=
10,-41,26HR2XFFgJeHssjeg58V2XYGFNU=,/lmR7MZO7IerN72w/wHzl2CA05g=
13,-41,zqZtucRS9YBymhjD+PFG6kMGErc=,/lmR7MZO7IerN72w/wHzl2CA05g=
10,-38,zqZtucRS9YBymhjD+PFG6kMGErc=,/lmR7MZO7IerN72w/wHzl2CA05g=
12,-41,tsye6kykRjXjGNWBk+N2Bu3MYq8=,/lmR7MZO7IerN72w/wHzl2CA05g=
13,-35,tsye6kykRjXjGNWBk+N2Bu3MYq8=,/lmR7MZO7IerN72w/wHzl2CA05g=
12,-35,tsye6kykRjXjGNWBk+N2Bu3MYq8=,/lmR7MZO7IerN72w/wHzl2CA05g=
11,-40,tsye6kykRjXjGNWBk+N2Bu3MYq8=,/lmR7MZO7IerN72w/wHzl2CA05g=
13,-36,5YmIqkMOF7FktLmkgfGC4WC3P5Y=,/lmR7MZO7IerN72w/wHzl2CA05g=
10,-40,HYHtppEtafodIoQVtAJu44A0n6U=,/lmR7MZO7IerN72w/wHzl2CA05g=
11,-42,HYHtppEtafodIoQVtAJu44A0n6U=,/lmR7MZO7IerN72w/wHzl2CA05g=
12,-36,QRQa5eIQWs/HKuF6UVtORrmoMPA=,/lmR7MZO7IerN72w/wHzl2CA05g=
7,-39,QRQa5eIQWs/HKuF6UVtORrmoMPA=,/lmR7MZO7IerN72w/wHzl2CA05g=
10,-42,QRQa5eIQWs/HKuF6UVtORrmoMPA=,/lmR7MZO7IerN72w/wHzl2CA05g=
6,-39,QQH9Tthdt5XL4ByyuyjBZe5I7bk=,/lmR7MZO7IerN72w/wHzl2CA05g=
13,-39,QQH9Tthdt5XL4ByyuyjBZe5I7bk=,/lmR7MZO7IerN72w/wHzl2CA05g=
7,-40,zE6xrD0JCVGTM273GknACAk+BSo=,/lmR7MZO7IerN72w/wHzl2CA05g=
12,-39,zE6xrD0JCVGTM273GknACAk+BSo=,/lmR7MZO7IerN72w/wHzl2CA05g=
7,-35,zE6xrD0JCVGTM273GknACAk+BSo=,/lmR7MZO7IerN72w/wHzl2CA05g=
3,-37,zE6xrD0JCVGTM273GknACAk+BSo=,/lmR7MZO7IerN72w/wHzl2CA05g=
6,-40,zE6xrD0JCVGTM273GknACAk+BSo=,/lmR7MZO7IerN72w/wHzl2CA05g=
13,-42,zE6xrD0JCVGTM273GknACAk+BSo=,/lmR7MZO7IerN72w/wHzl2CA05g=
2,-37,4cy5Os7P8MNzYtQh3o4dc0ergKA=,/lmR7MZO7IerN72w/wHzl2CA05g=
6,-35,4cy5Os7P8MNzYtQh3o4dc0ergKA=,/lmR7MZO7IerN72w/wHzl2CA05g=
9,-39,4cy5Os7P8MNzYtQh3o4dc0ergKA=,/lmR7MZO7IerN72w/wHzl2CA05g=
12,-42,4cy5Os7P8MNzYtQh3o4dc0ergKA=,/lmR7MZO7IerN72w/wHzl2CA05g=
9,-35,4cy5Os7P8MNzYtQh3o4dc0ergKA=,/lmR7MZO7IerN72w/wHzl2CA05g=
8,-39,4cy5Os7P8MNzYtQh3o4dc0ergKA=,/lmR7MZO7IerN72w/wHzl2CA05g=
3,-35,4cy5Os7P8MNzYtQh3o4dc0ergKA=,/lmR7MZO7IerN72w/wHzl2CA05g=
13,-40,zXJZZK+zLMf00HqtJqUN1nS4A+0=,/lmR7MZO7IerN72w/wHzl2CA05g=
8,-35,zXJZZK+zLMf00HqtJqUN1nS4A+0=,/lmR7MZO7IerN72w/wHzl2CA05g=
2,-35,zXJZZK+zLMf00HqtJqUN1nS4A+0=,/lmR7MZO7IerN72w/wHzl2CA05g=
9,-41,zXJZZK+zLMf00HqtJqUN1nS4A+0=,/lmR7MZO7IerN72w/wHzl2CA05g=
12,-40,zXJZZK+zLMf00HqtJqUN1nS4A+0=,/lmR7MZO7IerN72w/wHzl2CA05g=
9,-36,zXJZZK+zLMf00HqtJqUN1nS4A+0=,/lmR7MZO7IerN72w/wHzl2CA05g=
5,-35,zXJZZK+zLMf00HqtJqUN1nS4A+0=,/lmR7MZO7IerN72w/wHzl2CA05g=
8,-41,zXJZZK+zLMf00HqtJqUN1nS4A+0=,/lmR7MZO7IerN72w/wHzl2CA05g=
7,-41,vqEYj8+w+UFxQi6U85WdzxhEs9w=,/lmR7MZO7IerN72w/wHzl2CA05g=
4,-35,vqEYj8+w+UFxQi6U85WdzxhEs9w=,/lmR7MZO7IerN72w/wHzl2CA05g=
8,-36,vqEYj8+w+UFxQi6U85WdzxhEs9w=,/lmR7MZO7IerN72w/wHzl2CA05g=
9,-33,vqEYj8+w+UFxQi6U85WdzxhEs9w=,/lmR7MZO7IerN72w/wHzl2CA05g=
6,-41,tA0g2y6OQtj/3Uispo28tdlgIDw=,/lmR7MZO7IerN72w/wHzl2CA05g=
8,-33,tA0g2y6OQtj/3Uispo28tdlgIDw=,/lmR7MZO7IerN72w/wHzl2CA05g=
3,-38,tA0g2y6OQtj/3Uispo28tdlgIDw=,/lmR7MZO7IerN72w/wHzl2CA05g=
7,-37,tA0g2y6OQtj/3Uispo28tdlgIDw=,/lmR7MZO7IerN72w/wHzl2CA05g=
9,-40,tA0g2y6OQtj/3Uispo28tdlgIDw=,/lmR7MZO7IerN72w/wHzl2CA05g=
2,-38,tA0g2y6OQtj/3Uispo28tdlgIDw=,/lmR7MZO7IerN72w/wHzl2CA05g=
7,-33,tA0g2y6OQtj/3Uispo28tdlgIDw=,/lmR7MZO7IerN72w/wHzl2CA05g=
6,-37,tA0g2y6OQtj/3Uispo28tdlgIDw=,/lmR7MZO7IerN72w/wHzl2CA05g=
3,-36,sbctudUhYQ9pFCNLdN83yi1Rg1Y=,/lmR7MZO7IerN72w/wHzl2CA05g=
6,-33,sbctudUhYQ9pFCNLdN83yi1Rg1Y=,/lmR7MZO7IerN72w/wHzl2CA05g=
7,-38,sbctudUhYQ9pFCNLdN83yi1Rg1Y=,/lmR7MZO7IerN72w/wHzl2CA05g=
8,-40,sbctudUhYQ9pFCNLdN83yi1Rg1Y=,/lmR7MZO7IerN72w/wHzl2CA05g=
2,-36,sbctudUhYQ9pFCNLdN83yi1Rg1Y=,/lmR7MZO7IerN72w/wHzl2CA05g=
7,-42,sbctudUhYQ9pFCNLdN83yi1Rg1Y=,/lmR7MZO7IerN72w/wHzl2CA05g=
6,-38,sbctudUhYQ9pFCNLdN83yi1Rg1Y=,/lmR7MZO7IerN72w/wHzl2CA05g=
6,-42,sbctudUhYQ9pFCNLdN83yi1Rg1Y=,/lmR7MZO7IerN72w/wHzl2CA05g=
5,-37,sbctudUhYQ9pFCNLdN83yi1Rg1Y=,/lmR7MZO7IerN72w/wHzl2CA05g=
7,-34,sbctudUhYQ9pFCNLdN83yi1Rg1Y=,/lmR7MZO7IerN72w/wHzl2CA05g=
9,-42,yqhuqa/X2tkPDOJafLEPQrey8cg=,/lmR7MZO7IerN72w/wHzl2CA05g=
7,-36,yqhuqa/X2tkPDOJafLEPQrey8cg=,/lmR7MZO7IerN72w/wHzl2CA05g=
4,-37,yqhuqa/X2tkPDOJafLEPQrey8cg=,/lmR7MZO7IerN72w/wHzl2CA05g=
6,-34,yqhuqa/X2tkPDOJafLEPQrey8cg=,/lmR7MZO7IerN72w/wHzl2CA05g=
6,-36,yqhuqa/X2tkPDOJafLEPQrey8cg=,/lmR7MZO7IerN72w/wHzl2CA05g=
9,-34,yqhuqa/X2tkPDOJafLEPQrey8cg=,/lmR7MZO7IerN72w/wHzl2CA05g=
8,-42,yqhuqa/X2tkPDOJafLEPQrey8cg=,/lmR7MZO7IerN72w/wHzl2CA05g=
5,-36,yqhuqa/X2tkPDOJafLEPQrey8cg=,/lmR7MZO7IerN72w/wHzl2CA05g=
9,-37,yqhuqa/X2tkPDOJafLEPQrey8cg=,/lmR7MZO7IerN72w/wHzl2CA05g=
8,-34,zlN/9csnBtRLyqbLbhZwpjcC6KA=,/lmR7MZO7IerN72w/wHzl2CA05g=
5,-38,zlN/9csnBtRLyqbLbhZwpjcC6KA=,/lmR7MZO7IerN72w/wHzl2CA05g=
8,-37,zlN/9csnBtRLyqbLbhZwpjcC6KA=,/lmR7MZO7IerN72w/wHzl2CA05g=
11,-33,zlN/9csnBtRLyqbLbhZwpjcC6KA=,/lmR7MZO7IerN72w/wHzl2CA05g=
4,-36,V3b0oy9VSn4cGysbelvejR47anE=,/lmR7MZO7IerN72w/wHzl2CA05g=
9,-38,V3b0oy9VSn4cGysbelvejR47anE=,/lmR7MZO7IerN72w/wHzl2CA05g=
10,-33,R/SMLDFZhZi4vkSPBDZJz53ckKI=,/lmR7MZO7IerN72w/wHzl2CA05g=
15,-35,R/SMLDFZhZi4vkSPBDZJz53ckKI=,/lmR7MZO7IerN72w/wHzl2CA05g=
4,-38,R/SMLDFZhZi4vkSPBDZJz53ckKI=,/lmR7MZO7IerN72w/wHzl2CA05g=
8,-38,R/SMLDFZhZi4vkSPBDZJz53ckKI=,/lmR7MZO7IerN72w/wHzl2CA05g=
14,-35,R/SMLDFZhZi4vkSPBDZJz53ckKI=,/lmR7MZO7IerN72w/wHzl2CA05g=
13,-34,R/SMLDFZhZi4vkSPBDZJz53ckKI=,/lmR7MZO7IerN72w/wHzl2CA05g=
15,-37,R/SMLDFZhZi4vkSPBDZJz53ckKI=,/lmR7MZO7IerN72w/wHzl2CA05g=
12,-34,Dxl0luUXtyqyFUG6HY1FMid1h/U=,/lmR7MZO7IerN72w/wHzl2CA05g=
15,-41,Dxl0luUXtyqyFUG6HY1FMid1h/U=,/lmR7MZO7IerN72w/wHzl2CA05g=
3,-33,Dxl0luUXtyqyFUG6HY1FMid1h/U=,/lmR7MZO7IerN72w/wHzl2CA05g=
14,-37,Dxl0luUXtyqyFUG6HY1FMid1h/U=,/lmR7MZO7IerN72w/wHzl2CA05g=
11,-34,Dxl0luUXtyqyFUG6HY1FMid1h/U=,/lmR7MZO7IerN72w/wHzl2CA05g=
2,-33,Dxl0luUXtyqyFUG6HY1FMid1h/U=,/lmR7MZO7IerN72w/wHzl2CA05g=
14,-41,Dxl0luUXtyqyFUG6HY1FMid1h/U=,/lmR7MZO7IerN72w/wHzl2CA05g=
15,-36,4M8QBSv25M+ILAOndP2vvkr0eDI=,/lmR7MZO7IerN72w/wHzl2CA05g=
10,-34,4M8QBSv25M+ILAOndP2vvkr0eDI=,/lmR7MZO7IerN72w/wHzl2CA05g=
3,-34,4M8QBSv25M+ILAOndP2vvkr0eDI=,/lmR7MZO7IerN72w/wHzl2CA05g=
15,-39,4M8QBSv25M+ILAOndP2vvkr0eDI=,/lmR7MZO7IerN72w/wHzl2CA05g=
14,-36,4M8QBSv25M+ILAOndP2vvkr0eDI=,/lmR7MZO7IerN72w/wHzl2CA05g=
2,-34,4M8QBSv25M+ILAOndP2vvkr0eDI=,/lmR7MZO7IerN72w/wHzl2CA05g=
13,-33,4M8QBSv25M+ILAOndP2vvkr0eDI=,/lmR7MZO7IerN72w/wHzl2CA05g=
14,-39,4M8QBSv25M+ILAOndP2vvkr0eDI=,/lmR7MZO7IerN72w/wHzl2CA05g=
15,-38,oDdWRyd0GKJOcfHFGhzfDNYA2Uo=,/lmR7MZO7IerN72w/wHzl2CA05g=
5,-33,oDdWRyd0GKJOcfHFGhzfDNYA2Uo=,/lmR7MZO7IerN72w/wHzl2CA05g=
12,-33,oDdWRyd0GKJOcfHFGhzfDNYA2Uo=,/lmR7MZO7IerN72w/wHzl2CA05g=
15,-43,oDdWRyd0GKJOcfHFGhzfDNYA2Uo=,/lmR7MZO7IerN72w/wHzl2CA05g=
14,-43,oDdWRyd0GKJOcfHFGhzfDNYA2Uo=,/lmR7MZO7IerN72w/wHzl2CA05g=
1,-35,oDdWRyd0GKJOcfHFGhzfDNYA2Uo=,/lmR7MZO7IerN72w/wHzl2CA05g=
15,-42,oDdWRyd0GKJOcfHFGhzfDNYA2Uo=,/lmR7MZO7IerN72w/wHzl2CA05g=
14,-38,oDdWRyd0GKJOcfHFGhzfDNYA2Uo=,/lmR7MZO7IerN72w/wHzl2CA05g=
4,-33,oDdWRyd0GKJOcfHFGhzfDNYA2Uo=,/lmR7MZO7IerN72w/wHzl2CA05g=
0,-35,oDdWRyd0GKJOcfHFGhzfDNYA2Uo=,/lmR7MZO7IerN72w/wHzl2CA05g=
1,-33,oDdWRyd0GKJOcfHFGhzfDNYA2Uo=,/lmR7MZO7IerN72w/wHzl2CA05g=
0,-33,oDdWRyd0GKJOcfHFGhzfDNYA2Uo=,/lmR7MZO7IerN72w/wHzl2CA05g=
1,-37,oDdWRyd0GKJOcfHFGhzfDNYA2Uo=,/lmR7MZO7IerN72w/wHzl2CA05g=
14,-42,vaafvQliw8n7AvbIBc8F3yOdtwQ=,/lmR7MZO7IerN72w/wHzl2CA05g=
5,-34,vaafvQliw8n7AvbIBc8F3yOdtwQ=,/lmR7MZO7IerN72w/wHzl2CA05g=
1,-34,vaafvQliw8n7AvbIBc8F3yOdtwQ=,/lmR7MZO7IerN72w/wHzl2CA05g=
0,-37,vaafvQliw8n7AvbIBc8F3yOdtwQ=,/lmR7MZO7IerN72w/wHzl2CA05g=
15,-44,vaafvQliw8n7AvbIBc8F3yOdtwQ=,/lmR7MZO7IerN72w/wHzl2CA05g=
0,-34,vaafvQliw8n7AvbIBc8F3yOdtwQ=,/lmR7MZO7IerN72w/wHzl2CA05g=
1,-38,vaafvQliw8n7AvbIBc8F3yOdtwQ=,/lmR7MZO7IerN72w/wHzl2CA05g=
14,-44,vaafvQliw8n7AvbIBc8F3yOdtwQ=,/lmR7MZO7IerN72w/wHzl2CA05g=
0,-38,vaafvQliw8n7AvbIBc8F3yOdtwQ=,/lmR7MZO7IerN72w/wHzl2CA05g=
4,-34,q0Syu9QRgaFqzApXOFyDEc2jKHM=,/lmR7MZO7IerN72w/wHzl2CA05g=
15,-40,q0Syu9QRgaFqzApXOFyDEc2jKHM=,/lmR7MZO7IerN72w/wHzl2CA05g=
5,-39,q0Syu9QRgaFqzApXOFyDEc2jKHM=,/lmR7MZO7IerN72w/wHzl2CA05g=
1,-36,q0Syu9QRgaFqzApXOFyDEc2jKHM=,/lmR7MZO7IerN72w/wHzl2CA05g=
0,-36,q0Syu9QRgaFqzApXOFyDEc2jKHM=,/lmR7MZO7IerN72w/wHzl2CA05g=
3,-43,q0Syu9QRgaFqzApXOFyDEc2jKHM=,/lmR7MZO7IerN72w/wHzl2CA05g=
2,-43,q0Syu9QRgaFqzApXOFyDEc2jKHM=,/lmR7MZO7IerN72w/wHzl2CA05g=
14,-40,q0Syu9QRgaFqzApXOFyDEc2jKHM=,/lmR7MZO7IerN72w/wHzl2CA05g=
15,-34,q0Syu9QRgaFqzApXOFyDEc2jKHM=,/lmR7MZO7IerN72w/wHzl2CA05g=
4,-39,q0Syu9QRgaFqzApXOFyDEc2jKHM=,/lmR7MZO7IerN72w/wHzl2CA05g=
3,-44,q0Syu9QRgaFqzApXOFyDEc2jKHM=,/lmR7MZO7IerN72w/wHzl2CA05g=
7,-43,q0Syu9QRgaFqzApXOFyDEc2jKHM=,/lmR7MZO7IerN72w/wHzl2CA05g=
14,-34,q0Syu9QRgaFqzApXOFyDEc2jKHM=,/lmR7MZO7IerN72w/wHzl2CA05g=
5,-43,qOjGHxVnFBdGwIrUrmovZ+qdSVk=,/lmR7MZO7IerN72w/wHzl2CA05g=
6,-43,qOjGHxVnFBdGwIrUrmovZ+qdSVk=,/lmR7MZO7IerN72w/wHzl2CA05g=
3,-41,qOjGHxVnFBdGwIrUrmovZ+qdSVk=,/lmR7MZO7IerN72w/wHzl2CA05g=
15,-33,qOjGHxVnFBdGwIrUrmovZ+qdSVk=,/lmR7MZO7IerN72w/wHzl2CA05g=
11,-43,qOjGHxVnFBdGwIrUrmovZ+qdSVk=,/lmR7MZO7IerN72w/wHzl2CA05g=
4,-43,qOjGHxVnFBdGwIrUrmovZ+qdSVk=,/lmR7MZO7IerN72w/wHzl2CA05g=
2,-41,qOjGHxVnFBdGwIrUrmovZ+qdSVk=,/lmR7MZO7IerN72w/wHzl2CA05g=
10,-43,qOjGHxVnFBdGwIrUrmovZ+qdSVk=,/lmR7MZO7IerN72w/wHzl2CA05g=
2,-44,qOjGHxVnFBdGwIrUrmovZ+qdSVk=,/lmR7MZO7IerN72w/wHzl2CA05g=
9,-43,qOjGHxVnFBdGwIrUrmovZ+qdSVk=,/lmR7MZO7IerN72w/wHzl2CA05g=
5,-44,qOjGHxVnFBdGwIrUrmovZ+qdSVk=,/lmR7MZO7IerN72w/wHzl2CA05g=
14,-33,qOjGHxVnFBdGwIrUrmovZ+qdSVk=,/lmR7MZO7IerN72w/wHzl2CA05g=
5,-40,qOjGHxVnFBdGwIrUrmovZ+qdSVk=,/lmR7MZO7IerN72w/wHzl2CA05g=
4,-44,qOjGHxVnFBdGwIrUrmovZ+qdSVk=,/lmR7MZO7IerN72w/wHzl2CA05g=
8,-43,qOjGHxVnFBdGwIrUrmovZ+qdSVk=,/lmR7MZO7IerN72w/wHzl2CA05g=
1,-43,qOjGHxVnFBdGwIrUrmovZ+qdSVk=,/lmR7MZO7IerN72w/wHzl2CA05g=
11,-44,qOjGHxVnFBdGwIrUrmovZ+qdSVk=,/lmR7MZO7IerN72w/wHzl2CA05g=
0,-43,qOjGHxVnFBdGwIrUrmovZ+qdSVk=,/lmR7MZO7IerN72w/wHzl2CA05g=
10,-44,3lg7SKwledyCn5jzGq3XCGGY2cQ=,/lmR7MZO7IerN72w/wHzl2CA05g=
1,-41,3lg7SKwledyCn5jzGq3XCGGY2cQ=,/lmR7MZO7IerN72w/wHzl2CA05g=
4,-40,3lg7SKwledyCn5jzGq3XCGGY2cQ=,/lmR7MZO7IerN72w/wHzl2CA05g=
0,-41,3lg7SKwledyCn5jzGq3XCGGY2cQ=,/lmR7MZO7IerN72w/wHzl2CA05g=
7,-44,3lg7SKwledyCn5jzGq3XCGGY2cQ=,/lmR7MZO7IerN72w/wHzl2CA05g=
1,-44,3lg7SKwledyCn5jzGq3XCGGY2cQ=,/lmR7MZO7IerN72w/wHzl2CA05g=
6,-44,3lg7SKwledyCn5jzGq3XCGGY2cQ=,/lmR7MZO7IerN72w/wHzl2CA05g=
0,-44,3lg7SKwledyCn5jzGq3XCGGY2cQ=,/lmR7MZO7IerN72w/wHzl2CA05g=
13,-43,3lg7SKwledyCn5jzGq3XCGGY2cQ=,/lmR7MZO7IerN72w/wHzl2CA05g=
3,-39,3lg7SKwledyCn5jzGq3XCGGY2cQ=,/lmR7MZO7IerN72w/wHzl2CA05g=
1,-39,3lg7SKwledyCn5jzGq3XCGGY2cQ=,/lmR7MZO7IerN72w/wHzl2CA05g=
2,-39,3lg7SKwledyCn5jzGq3XCGGY2cQ=,/lmR7MZO7IerN72w/wHzl2CA05g=
12,-43,3lg7SKwledyCn5jzGq3XCGGY2cQ=,/lmR7MZO7IerN72w/wHzl2CA05g=
0,-39,3lg7SKwledyCn5jzGq3XCGGY2cQ=,/lmR7MZO7IerN72w/wHzl2CA05g=
9,-44,3lg7SKwledyCn5jzGq3XCGGY2cQ=,/lmR7MZO7IerN72w/wHzl2CA05g=
1,-42,3lg7SKwledyCn5jzGq3XCGGY2cQ=,/lmR7MZO7IerN72w/wHzl2CA05g=
8,-44,3lg7SKwledyCn5jzGq3XCGGY2cQ=,/lmR7MZO7IerN72w/wHzl2CA05g=
0,-42,3lg7SKwledyCn5jzGq3XCGGY2cQ=,/lmR7MZO7IerN72w/wHzl2CA05g=
5,-41,3lg7SKwledyCn5jzGq3XCGGY2cQ=,/lmR7MZO7IerN72w/wHzl2CA05g=
13,-44,3lg7SKwledyCn5jzGq3XCGGY2cQ=,/lmR7MZO7IerN72w/wHzl2CA05g=
1,-40,3lg7SKwledyCn5jzGq3XCGGY2cQ=,/lmR7MZO7IerN72w/wHzl2CA05g=
12,-44,3lg7SKwledyCn5jzGq3XCGGY2cQ=,/lmR7MZO7IerN72w/wHzl2CA05g=
0,-40,3lg7SKwledyCn5jzGq3XCGGY2cQ=,/lmR7MZO7IerN72w/wHzl2CA05g=
4,-41,UvINft3h9RHUXZ9oIQbbzQ+Or1E=,/lmR7MZO7IerN72w/wHzl2CA05g=
3,-40,UvINft3h9RHUXZ9oIQbbzQ+Or1E=,/lmR7MZO7IerN72w/wHzl2CA05g=
2,-40,UvINft3h9RHUXZ9oIQbbzQ+Or1E=,/lmR7MZO7IerN72w/wHzl2CA05g=
3,-42,UvINft3h9RHUXZ9oIQbbzQ+Or1E=,/lmR7MZO7IerN72w/wHzl2CA05g=
2,-42,UvINft3h9RHUXZ9oIQbbzQ+Or1E=,/lmR7MZO7IerN72w/wHzl2CA05g=
5,-42,UvINft3h9RHUXZ9oIQbbzQ+Or1E=,/lmR7MZO7IerN72w/wHzl2CA05g=
4,-42,UvINft3h9RHUXZ9oIQbbzQ+Or1E=,/lmR7MZO7IerN72w/wHzl2CA05g=
